{
  "train_loss": [
    0.7495049664499418,
    0.5633044215417776,
    0.5111374236021103,
    0.49404619292732993,
    0.4851370157725806,
    0.4807354671924477,
    0.4743909852407729,
    0.47120809612488596,
    0.46728397679277867,
    0.4646120565989288,
    0.4614761390701351,
    0.45969550436007645,
    0.45880215090143095,
    0.45682182320946035,
    0.4552093900628468,
    0.4548609829816879,
    0.45425281758226727,
    0.4524513567923478,
    0.4528875666844002,
    0.4531275497897024,
    0.4526709597039274,
    0.4513911226449227,
    0.45249103529805546,
    0.45211854315416716,
    0.4518615357115131
  ],
  "val_loss": [
    0.6773939108848572,
    0.638551480102539,
    0.6329405820846558,
    0.6273003434181214,
    0.6470195846557617,
    0.6378929067611694,
    0.6302906541824341,
    0.6341877499580383,
    0.6248013969421387,
    0.629085996055603,
    0.6240779132843017,
    0.619953376865387,
    0.6224468704223632,
    0.6265838969230652,
    0.6159645980834961,
    0.6200303795814515,
    0.6132462512016297,
    0.6218243759155273,
    0.6161183116912842,
    0.6144475727081299,
    0.6168446643829346,
    0.6187716395378112,
    0.6172275082588196,
    0.6170965013504028,
    0.6169655398368835
  ],
  "train_loss_primary": [
    0.7574337521763379,
    0.5285602762688917,
    0.46211880917722714,
    0.43938490301689703,
    0.4277836162222019,
    0.4218705720896384,
    0.4131704493559402,
    0.4088736321354321,
    0.403642251481336,
    0.40002360231616,
    0.39553306317176246,
    0.393228949839349,
    0.39177732855655906,
    0.3892116653204475,
    0.3871420410001048,
    0.3867405190968156,
    0.3860117108331758,
    0.383057257411822,
    0.383922769502603,
    0.38430485997261277,
    0.3834619063891997,
    0.38175383765386056,
    0.38330186721599585,
    0.3828451457957895,
    0.3823960727874421
  ],
  "val_loss_primary": [
    0.6430177208423614,
    0.5858079424858094,
    0.580516319179535,
    0.5726212754249572,
    0.5975586773872376,
    0.5888512931823731,
    0.579752827167511,
    0.5824864074707031,
    0.5719410687446594,
    0.5730984657287598,
    0.5665069692611694,
    0.5644490181922912,
    0.5647016649246216,
    0.5707852847099304,
    0.5586479561805725,
    0.5612477929115295,
    0.5539117319107055,
    0.5622266192436218,
    0.5568947708129883,
    0.5542323517799378,
    0.5576797554969788,
    0.5598880840301513,
    0.557979075050354,
    0.5579341711997986,
    0.5578177891731262
  ],
  "train_loss_aux": [
    0.7310044572746472,
    0.6443740835281715,
    0.625514183999129,
    0.6215891951667165,
    0.6189616091501534,
    0.6180868807390364,
    0.6172388947750312,
    0.6166551706622448,
    0.6157813273864844,
    0.6153184438415462,
    0.6153433080403656,
    0.6147841199817698,
    0.6151933936797066,
    0.6145788502642123,
    0.614033196799505,
    0.6138087249414824,
    0.6134820614943413,
    0.6143709139088747,
    0.6138054212870383,
    0.6137138158402045,
    0.6141587437092619,
    0.6138781102362231,
    0.6139324177255978,
    0.6137564591983656,
    0.6139476051677728
  ],
  "val_loss_aux": [
    0.7576050309181214,
    0.7616196853637696,
    0.7552638637542725,
    0.7548847884178161,
    0.7624284072875976,
    0.7523233176231384,
    0.7482122358322143,
    0.7548241836547852,
    0.7481421632766724,
    0.7597235178947449,
    0.758410099697113,
    0.7494634909629821,
    0.7571856334686279,
    0.7567806241035462,
    0.749703404712677,
    0.7571897765159606,
    0.7516934775352478,
    0.7608858345985413,
    0.7543066143035889,
    0.7549497336387634,
    0.7548961037635803,
    0.7561665801048278,
    0.7554738198280334,
    0.7551419603347779,
    0.754976948928833
  ],
  "train_acc": [
    0.5612453158458244,
    0.7622624464668094,
    0.8052311964668094,
    0.817485278372591,
    0.8240263650963597,
    0.8254567050321199,
    0.8313369914346895,
    0.8331855594218416,
    0.8369496118843683,
    0.8373343816916489,
    0.8407554871520343,
    0.8419683485010707,
    0.8419432548179872,
    0.8438252810492506,
    0.8446533725910065,
    0.8448624866167024,
    0.8443355192719486,
    0.8471125535331906,
    0.8462426391862955,
    0.8464266595289079,
    0.8461088062098501,
    0.8481413945396146,
    0.8472714801927195,
    0.8472714801927195,
    0.8467445128479657
  ],
  "val_acc": [
    0.6834,
    0.7298,
    0.7312,
    0.7382,
    0.7282,
    0.7352,
    0.7412,
    0.7402,
    0.7436,
    0.7476,
    0.7484,
    0.7456,
    0.749,
    0.7472,
    0.752,
    0.7504,
    0.7546,
    0.7534,
    0.7536,
    0.7556,
    0.7542,
    0.7528,
    0.754,
    0.7538,
    0.754
  ],
  "train_f1": [
    0.5608359620642234,
    0.7614342505297313,
    0.8042474728463549,
    0.816463082366317,
    0.823138202998533,
    0.8245826458526284,
    0.8305030068511067,
    0.8323569549275243,
    0.836155123305386,
    0.8365596509438281,
    0.8399460279473075,
    0.8411998009311095,
    0.8411594654123531,
    0.8430584049994025,
    0.8439255523876799,
    0.8441167391717695,
    0.8435914154159638,
    0.8463659659984171,
    0.8455130152617686,
    0.8456914778787363,
    0.8453870949071849,
    0.847403224913814,
    0.8464964269035915,
    0.846533739911087,
    0.8460129952080568
  ],
  "val_f1": [
    0.6796495807578313,
    0.7279977237979764,
    0.7282379677764641,
    0.735713326690834,
    0.7237727511961616,
    0.7314865230571144,
    0.7379361095525894,
    0.7366191904002379,
    0.7401028235942847,
    0.7444857514564718,
    0.7455190311306691,
    0.7425069523122876,
    0.7464748796604129,
    0.7439185103318346,
    0.749535266727166,
    0.7476708074534162,
    0.7524216971571352,
    0.7508176636445881,
    0.7510909570213281,
    0.7531113226299212,
    0.7517868819952829,
    0.7501389195262957,
    0.7514341642464842,
    0.7512218523491387,
    0.7514341642464842
  ],
  "gate_stylo": [
    0.48953917622566223,
    0.4648478925228119,
    0.4490518271923065,
    0.4376976191997528,
    0.4300680458545685,
    0.4206639528274536,
    0.41112881898880005,
    0.40245798230171204,
    0.39730730652809143,
    0.3912334144115448,
    0.3841704726219177,
    0.37969309091567993,
    0.37593886256217957,
    0.37179532647132874,
    0.36908817291259766,
    0.36713987588882446,
    0.36534571647644043,
    0.36332967877388,
    0.3620312213897705,
    0.36137959361076355,
    0.3608499765396118,
    0.3604094088077545,
    0.36014753580093384,
    0.3600660264492035,
    0.36005619168281555
  ],
  "gate_perp": [
    0.3450838625431061,
    0.3670513331890106,
    0.381194531917572,
    0.39131444692611694,
    0.39827248454093933,
    0.4069182276725769,
    0.415359228849411,
    0.4232092499732971,
    0.42779356241226196,
    0.43303149938583374,
    0.439212441444397,
    0.44278019666671753,
    0.4461665749549866,
    0.4493664801120758,
    0.4517051875591278,
    0.45298561453819275,
    0.45445823669433594,
    0.4563646912574768,
    0.45708417892456055,
    0.45753222703933716,
    0.45786866545677185,
    0.45828869938850403,
    0.45847174525260925,
    0.45852798223495483,
    0.45853811502456665
  ],
  "gate_sem": [
    0.5,
    0.5,
    0.5,
    0.5,
    0.5,
    0.5,
    0.5,
    0.5,
    0.5,
    0.5,
    0.5,
    0.5,
    0.5,
    0.5,
    0.5,
    0.5,
    0.5,
    0.5,
    0.5,
    0.5,
    0.5,
    0.5,
    0.5,
    0.5,
    0.5
  ],