{
  "train_loss": [
    0.6914035260933151,
    0.5741968759907162,
    0.5082096792597628,
    0.49106058286494964,
    0.48037435824267344,
    0.47564880338861193,
    0.4707596965869609,
    0.4671484322762796,
    0.4651610186171634,
    0.46363604618756044,
    0.461165040987244,
    0.46019288002165604,
    0.45869352288000576,
    0.4569428224164529,
    0.4559656173118706,
    0.454845563024922,
    0.45370716061203265,
    0.4544346241736105,
    0.45265190181814036,
    0.4518989763290585,
    0.45147989722280546,
    0.45012088331030164,
    0.4511397831429739,
    0.45062615636080633,
    0.45020132834819254,
    0.4497172920744818,
    0.4496751357301622,
    0.4495441998023332,
    0.44876943164117344,
    0.44904797642527733
  ],
  "val_loss": [
    0.8642306677818299,
    0.8187170822143555,
    0.7824253812789917,
    0.7472420848846436,
    0.7355039367675781,
    0.7684559629440307,
    0.7381323718070983,
    0.7619652521133423,
    0.7846758880615234,
    0.7576432356834412,
    0.7496019817352295,
    0.7442864011764526,
    0.7349243587493897,
    0.7254265264511108,
    0.7382546300888062,
    0.7421080518722534,
    0.7384573490142822,
    0.7235110328674317,
    0.7386306322097779,
    0.7419506856918335,
    0.7361139841079712,
    0.7434797340393067,
    0.7391080982208252,
    0.7226235014915466,
    0.7387403341293335,
    0.7391701354026794,
    0.7346959095001221,
    0.7329304702758789,
    0.73391472864151,
    0.7343857909202576
  ],
  "train_loss_primary": [
    0.682397180104972,
    0.5590891854701636,
    0.48427656881287373,
    0.4645290184174484,
    0.4525386523535323,
    0.4471240074337808,
    0.4417980505161531,
    0.4377378635907889,
    0.43536739147272235,
    0.4336585608418919,
    0.4308556732701641,
    0.43011352023341626,
    0.4280403169439586,
    0.4260643890743092,
    0.42507431422692,
    0.423791759259711,
    0.4223891908518746,
    0.4233146313689809,
    0.42108383263129534,
    0.4202990387386519,
    0.41983642943938915,
    0.4182418285521315,
    0.4197504224951175,
    0.4186065285246771,
    0.41863437195192593,
    0.4176588631494874,
    0.41790197373971405,
    0.41758446401792537,
    0.4168894655458917,
    0.4171610504005088
  ],
  "val_loss_primary": [
    0.8808565896034241,
    0.7854282051086425,
    0.7222299528121948,
    0.6875718215942382,
    0.6782746738433838,
    0.7123560196876526,
    0.67960886926651,
    0.7011101989746094,
    0.7339899405479431,
    0.6867380286216735,
    0.6840213383674622,
    0.6767684001922607,
    0.6657039501190185,
    0.6552047908782959,
    0.674020336151123,
    0.6754154773712158,
    0.6713141931533814,
    0.6593998497009277,
    0.6694876111030579,
    0.6780464105606079,
    0.6692892638206482,
    0.6771477813720703,
    0.6717962054252624,
    0.6579511306762695,
    0.6706727854728699,
    0.6726453845024108,
    0.6680981669425964,
    0.6659906817436219,
    0.6669799666404724,
    0.6675588223457336
  ],
  "train_loss_aux": [
    0.7124183203529391,
    0.6094481487130914,
    0.5640536042753719,
    0.5529675578354766,
    0.5453243345150108,
    0.5422066593374817,
    0.538336867298691,
    0.5357730939920368,
    0.5346794762836505,
    0.5335835071336558,
    0.531886893152679,
    0.530378042884139,
    0.5302176646920232,
    0.5289924968465715,
    0.5280453249364452,
    0.5273044348530503,
    0.5267824192927119,
    0.5270479372642582,
    0.52631072706419,
    0.525632160032256,
    0.5253146513337229,
    0.5245053462460317,
    0.5243816151895236,
    0.525338621738131,
    0.5238575509433583,
    0.524520290767686,
    0.5238125127272545,
    0.5241169131364946,
    0.5231560150185368,
    0.5234507969520634
  ],
  "val_loss_aux": [
    0.8254368317604065,
    0.8963911158561707,
    0.9228813590049744,
    0.8864726350784302,
    0.8690388957977295,
    0.8993557940483093,
    0.8746871433258057,
    0.903960371208191,
    0.9029430688858032,
    0.9230887064933777,
    0.9026234170913696,
    0.9018284372329712,
    0.8964386131286621,
    0.8892771557807923,
    0.8881346201896667,
    0.8977241090774536,
    0.8951246510505676,
    0.8731038378715515,
    0.8999643466949463,
    0.8910606236457824,
    0.8920383401870727,
    0.8982542429924011,
    0.8961691660881043,
    0.8735256434440613,
    0.8975646216392517,
    0.894394557762146,
    0.8900906413078308,
    0.8891233130455017,
    0.8900958019256592,
    0.8903153567314148
  ],
  "train_acc": [
    0.6412704533261803,
    0.7548702387339056,
    0.8033546807939914,
    0.8154841738197425,
    0.8235481491416309,
    0.8261383449570815,
    0.8301619501072961,
    0.8330706813304721,
    0.8325928782188842,
    0.8344957081545065,
    0.8355435219957081,
    0.8362728004291845,
    0.837890625,
    0.8376978272532188,
    0.8387875536480687,
    0.8405227333690987,
    0.840908328862661,
    0.8399443401287554,
    0.8427021861587983,
    0.8432889619098712,
    0.8423752682403434,
    0.8421154104077253,
    0.8418304050429185,
    0.8428111587982833,
    0.8428782188841202,
    0.8436494098712446,
    0.8434566121244635,
    0.8435404372317596,
    0.8434566121244635,
    0.8440014753218884
  ],
  "val_acc": [
    0.4704,
    0.613,
    0.6218,
    0.656,
    0.6734,
    0.6648,
    0.6674,
    0.6704,
    0.661,
    0.677,
    0.6814,
    0.677,
    0.6786,
    0.69,
    0.6834,
    0.6864,
    0.683,
    0.6962,
    0.693,
    0.6852,
    0.692,
    0.6924,
    0.6912,
    0.6982,
    0.6944,
    0.692,
    0.6946,
    0.6948,
    0.695,
    0.6948
  ],
  "train_f1": [
    0.6402508476588237,
    0.7541423665023962,
    0.8026657020363337,
    0.8148947125504151,
    0.8229077207037128,
    0.8255398977490467,
    0.8295450087976272,
    0.8324866497180232,
    0.8320412046884627,
    0.8339437223903334,
    0.8349481326378715,
    0.8357216315196807,
    0.837276119225745,
    0.8371182751657247,
    0.8381829568859647,
    0.8399709567114859,
    0.8403330071968776,
    0.8393529717621154,
    0.842118587083271,
    0.842734256915032,
    0.8418203280577945,
    0.841570708176087,
    0.8413008790821193,
    0.842270567016093,
    0.8423212719542073,
    0.8431095355625753,
    0.8428664508289362,
    0.8429692288177363,
    0.8429264078685481,
    0.843468363393602
  ],
  "val_f1": [
    0.42029239330796747,
    0.5882009856702031,
    0.5991313424215834,
    0.6406931847351758,
    0.6628862445242756,
    0.6479459621418396,
    0.6523899040650483,
    0.65513338971735,
    0.640243473029658,
    0.6648765610682681,
    0.6699062819797715,
    0.6630030191173484,
    0.665513259807861,
    0.6796672970814259,
    0.6710978902020457,
    0.6741882633303545,
    0.6702008237696774,
    0.685768507417787,
    0.6823144692699992,
    0.6728888445536201,
    0.6804647785039942,
    0.6812784538763917,
    0.6790716824159884,
    0.6873606563959359,
    0.6827031696458237,
    0.6801090653601158,
    0.6831871201435356,
    0.6836670542263491,
    0.6838989221098339,
    0.6836177870660629
  ],
  "gate_stylo": [
    0.49601882696151733,
    0.4733258783817291,
    0.45612382888793945,
    0.4452434778213501,
    0.4365786015987396,
    0.42834967374801636,
    0.4222828447818756,
    0.41746771335601807,
    0.41435104608535767,
    0.41114696860313416,
    0.4081501364707947,
    0.405793160200119,
    0.4048170745372772,
    0.4024541676044464,
    0.3998441994190216,
    0.3979208767414093,
    0.3974718451499939,
    0.39624154567718506,
    0.39487287402153015,
    0.3937605917453766,
    0.39309147000312805,
    0.39262303709983826,
    0.3917575180530548,
    0.39101630449295044,
    0.391078382730484,
    0.3904198110103607,
    0.3902866542339325,
    0.3902426064014435,
    0.39022335410118103,
    0.39022257924079895
  ],