{
  "train_loss": [
    0.7176065772388115,
    0.617493025223073,
    0.578257292636986,
    0.5692818085523123,
    0.5629430436269408,
    0.5608542625484548,
    0.5576797670049217,
    0.5538969595033212,
    0.5533221287277124,
    0.551067950387881,
    0.549778246316787,
    0.5496535968882843,
    0.5486980031999907,
    0.5478232165262934,
    0.5469269888083822,
    0.545535898259781,
    0.5461965198168939,
    0.545489382846161,
    0.5442356917479519,
    0.5442223554005439,
    0.5445113969974763,
    0.5450382895224084,
    0.5440756734860301,
    0.5444849596514723
  ],
  "val_loss": [
    0.7069831407546997,
    0.6811993909835815,
    0.6589989501953125,
    0.6622086754798889,
    0.655883115196228,
    0.6508654482841492,
    0.6522323712348937,
    0.6575804390907287,
    0.6479694427490235,
    0.6455217688560486,
    0.6465865860939026,
    0.6464671349525452,
    0.6385233498573303,
    0.6406333624839783,
    0.6393943260192871,
    0.6387005176544189,
    0.6427603394508362,
    0.6379160643577576,
    0.6393929967880249,
    0.6398950581550598,
    0.6386435696601868,
    0.6377583486557007,
    0.6384482762336731,
    0.6385937252044678
  ],
  "train_loss_primary": [
    0.7149814538689642,
    0.5995817514448207,
    0.5496742745837429,
    0.537978210802242,
    0.5296494390319857,
    0.5267235214618142,
    0.5227830756631532,
    0.5176517753642005,
    0.5169157054547077,
    0.5139257667402342,
    0.5123844320681985,
    0.5120458998137789,
    0.5107367733261616,
    0.5096307403284082,
    0.5083476445705594,
    0.5063507274240895,
    0.5074356550055,
    0.5065347709625064,
    0.5047851548941862,
    0.5048668998505424,
    0.5051977415709025,
    0.5059276429112889,
    0.5048307518079046,
    0.5051301459386114
  ],
  "val_loss_primary": [
    0.6946323217391968,
    0.6415421123504639,
    0.6158302364349365,
    0.6228064125061035,
    0.6109499054908752,
    0.608676711177826,
    0.6101993453979492,
    0.613510367679596,
    0.604331635761261,
    0.6019625833511353,
    0.5989840116500854,
    0.6001014762878418,
    0.5908894666671753,
    0.5946876316070556,
    0.5919825710296631,
    0.5915238163948059,
    0.5966663945198059,
    0.5890029419898987,
    0.593137471485138,
    0.5929813734054565,
    0.5914821025848389,
    0.5898604083061219,
    0.5908036522865295,
    0.5909936876296997
  ],
  "train_loss_aux": [
    0.7237318570010141,
    0.6592859845816321,
    0.6449509920480425,
    0.6423235264458882,
    0.640628114278736,
    0.640492649037439,
    0.639105374209359,
    0.6384690506263864,
    0.6382704392523213,
    0.6377330322633997,
    0.6370304687340372,
    0.6374048810660071,
    0.6372741934055934,
    0.6369389855810501,
    0.6369454451384974,
    0.6369679513918995,
    0.6366385328923172,
    0.6363834692684878,
    0.6362869312323214,
    0.6360517384668276,
    0.6362432466556074,
    0.6362964533940917,
    0.6356471490450684,
    0.6363128505551252
  ],
  "val_loss_aux": [
    0.7358017450332641,
    0.773733010005951,
    0.7597259195327759,
    0.7541472304344177,
    0.7607272599220276,
    0.7493058255195618,
    0.7503093898773193,
    0.7604105920791626,
    0.7497909336090088,
    0.7471598062515259,
    0.7576592006683349,
    0.7546536493301391,
    0.7496690580368042,
    0.7478400641441345,
    0.750021717453003,
    0.7487794434547425,
    0.7503128642082214,
    0.7520466137886047,
    0.747322481250763,
    0.7493603253364562,
    0.7486870003700257,
    0.7495202026367187,
    0.7496190651893616,
    0.7496604391098023
  ],
  "train_acc": [
    0.6140608234978541,
    0.7347941255364807,
    0.7761031384120172,
    0.7852484576180258,
    0.7926921271459227,
    0.7945614270386266,
    0.7974282457081545,
    0.8008399275751072,
    0.8004040370171673,
    0.803472035944206,
    0.8054503084763949,
    0.8051736856223176,
    0.8062969420600858,
    0.8063640021459227,
    0.8069591604077253,
    0.809113465665236,
    0.8084512473175965,
    0.8095661212446352,
    0.8091637607296137,
    0.8102702521459227,
    0.8095493562231759,
    0.8091302306866953,
    0.808920667918455,
    0.8098343615879828
  ],
  "val_acc": [
    0.6608,
    0.716,
    0.7358,
    0.731,
    0.739,
    0.7402,
    0.741,
    0.7378,
    0.7482,
    0.7448,
    0.7508,
    0.746,
    0.7508,
    0.749,
    0.7482,
    0.7512,
    0.7474,
    0.752,
    0.7522,
    0.7496,
    0.7496,
    0.7514,
    0.7512,
    0.7508
  ],
  "train_f1": [
    0.6130172513914138,
    0.7338620212777296,
    0.7753103934041499,
    0.7844788037535186,
    0.7919432820089464,
    0.793848794517146,
    0.7967085659206223,
    0.8001397517990942,
    0.7997090937131163,
    0.8027893371849539,
    0.8047767987047328,
    0.804510950129641,
    0.8055954734906311,
    0.8057185689984405,
    0.8063211450974781,
    0.8084838640839112,
    0.80785508144652,
    0.8088857321967415,
    0.8085398523057399,
    0.8096068274284651,
    0.8089278087143136,
    0.8084969852297714,
    0.8082835708362774,
    0.8092119126235415
  ],
  "val_f1": [
    0.6536986616433371,
    0.7124700989151456,
    0.7335546006729754,
    0.7284022106000356,
    0.7368012481550372,
    0.7376910569289563,
    0.7383093067597313,
    0.7345052204050175,
    0.7455422292982636,
    0.7420956771678192,
    0.7482828282828283,
    0.7427264930614754,
    0.7484428491225622,
    0.7467334773663075,
    0.7457683146062788,
    0.7488071976510969,
    0.7445623017399979,
    0.7496345876425125,
    0.7493948157857723,
    0.7468193063140192,
    0.7467545339433879,
    0.7487967201218355,
    0.7485426388404436,
    0.7480539492927636
  ],
  "gate_stylo": [
    0.4898962378501892,
    0.4517347514629364,
    0.42854297161102295,
    0.41411489248275757,
    0.4009973406791687,
    0.39226311445236206,
    0.38233518600463867,
    0.37441766262054443,
    0.3650324046611786,
    0.36001282930374146,
    0.35451820492744446,
    0.3492993414402008,
    0.3458287715911865,
    0.34235256910324097,
    0.33955487608909607,
    0.33713680505752563,
    0.3357336223125458,
    0.3337859809398651,
    0.33262714743614197,
    0.3316585421562195,
    0.3312731385231018,
    0.3309359848499298,
    0.3307406008243561,
    0.3307090997695923
  ],
  "gate_perp": [
    0.1982358694076538,
    0.2232290357351303,
    0.23908589780330658,
    0.24966000020503998,
    0.2595274746417999,
    0.26631656289100647,
    0.2747851312160492,
    0.2816888988018036,
    0.28997963666915894,
    0.2943779230117798,
    0.29966333508491516,
    0.3040440082550049,
    0.307650089263916,
    0.31127268075942993,
    0.3138912320137024,
    0.3165321350097656,
    0.3179197609424591,
    0.32002219557762146,
    0.3212175667285919,
    0.3221728205680847,
    0.3225022554397583,
    0.32284557819366455,
    0.32297825813293457,
    0.3229924738407135
  ],
  "gate_sem": [
    0.5,
    0.5,
    0.5,
    0.5,
    0.5,
    0.5,
    0.5,
    0.5,
    0.5,
    0.5,
    0.5,
    0.5,
    0.5,
    0.5,
    0.5,
    0.5,
    0.5,
    0.5,
    0.5,
    0.5,
    0.5,
    0.5,
    0.5,
    0.5
  ],
  "lr": [
    0.0003939769238736812,
    0.0009615750568775159,
    0.0010558958880222313,
    0.0010455885771914848,
    0.001025218768632341,
    0.0009951829374980903,
    0.000956065697076509,
    0.000908628419957202,
    0.0008537944187801934,
    0.0007926309750056418,
    0.0007263285654942332,
    0.0006561776912292334,
    0.0005835437591827744,
    0.0005098405062222673,
    0.0004365024823303808,
    0.00036495712872140426,
    0.0002965969943217033,
    0.00023275263138886756,
    0.00017466669782549845,
    0.00012346977025663652,
    8.015833864176793e-05,
    4.557541073125271e-05,
    2.0394103879371642e-05,
    5.104543580684611e-06
  ]
}