{
  "train_loss": [
    0.7220260610907886,
    0.6017408729111177,
    0.570529285674443,
    0.5609711324196517,
    0.5552175320013398,
    0.5519387571085165,
    0.5507919281849022,
    0.547113558765133,
    0.5467336402942182,
    0.5445173556712564,
    0.5451369153839324,
    0.5421748863525145,
    0.5417616009200591,
    0.5396138368246381,
    0.5392213802736716,
    0.5404444545379524,
    0.5389922708912469,
    0.5382689002245793,
    0.5398350468009326
  ],
  "val_loss": [
    0.7033453099250794,
    0.6759190187454224,
    0.6614983198165894,
    0.6629711539268494,
    0.6622611853599548,
    0.6537432874679565,
    0.6608850625038147,
    0.6615440726280213,
    0.6479284430503846,
    0.657605756855011,
    0.643603180885315,
    0.6363973951339722,
    0.6355133474349975,
    0.6385013898849488,
    0.6418456167221069,
    0.6498852167129516,
    0.6383697379112243,
    0.6440797040939331,
    0.6418896458625793
  ],
  "train_loss_primary": [
    0.7050366002602638,
    0.5826394158883156,
    0.5438372820232048,
    0.531521741156926,
    0.524251024354681,
    0.5198595104299389,
    0.5183213316064024,
    0.5133874800072208,
    0.5128192323471855,
    0.5098772445461781,
    0.5109412331182046,
    0.506936750314778,
    0.5063920558266374,
    0.50338807049739,
    0.5027860697246928,
    0.5045648323364013,
    0.5025803476188316,
    0.5017100261772139,
    0.5037765399325047
  ],
  "val_loss_primary": [
    0.6813683140754699,
    0.6391608544349671,
    0.6220994719505311,
    0.6262927216529847,
    0.6226479465484619,
    0.6123680385589599,
    0.6207194344520569,
    0.620911942577362,
    0.6044329824447632,
    0.6178004814147949,
    0.5976327320098876,
    0.5887274255752564,
    0.5850246716499329,
    0.5912518756866455,
    0.5938160664558411,
    0.6053718578338623,
    0.5906727643966675,
    0.5976196940422058,
    0.5944639524459839
  ],
  "train_loss_aux": [
    0.7616681182844957,
    0.6463109305999821,
    0.6328106179769458,
    0.6296863660791913,
    0.6274727068745527,
    0.6267903301337246,
    0.6265566502517896,
    0.625807741936696,
    0.6258672488605516,
    0.6253442674747353,
    0.6249268344031894,
    0.6243972087622712,
    0.6242905371690513,
    0.6241406143479081,
    0.6242371004538475,
    0.6241635657175416,
    0.6239534166237827,
    0.6235729368971141,
    0.6239715540869554
  ],
  "val_loss_aux": [
    0.7546249805450439,
    0.7616880977630616,
    0.7534289463996887,
    0.748554121875763,
    0.7546920205116272,
    0.7502855345726013,
    0.754604921245575,
    0.756352370929718,
    0.7494178958892822,
    0.7504847330093384,
    0.750867599773407,
    0.7476273658752441,
    0.7533202583312988,
    0.7487502549171448,
    0.7539145782470703,
    0.753749690246582,
    0.7496627180099488,
    0.7524863778114319,
    0.7525495741844177
  ],
  "train_acc": [
    0.617078527360515,
    0.735959294527897,
    0.7646107162017167,
    0.772222035944206,
    0.7760444608369099,
    0.7790034871244635,
    0.7796824704935622,
    0.7845946217811158,
    0.7840246110515021,
    0.7851730150214592,
    0.7842760863733905,
    0.787151287553648,
    0.7873859978540773,
    0.7901186963519313,
    0.788693669527897,
    0.7877045332618026,
    0.7894732430257511,
    0.7900600187768241,
    0.7892385327253219
  ],
  "val_acc": [
    0.673,
    0.7122,
    0.7252,
    0.7214,
    0.7252,
    0.7328,
    0.7238,
    0.7274,
    0.7342,
    0.7186,
    0.7362,
    0.742,
    0.7442,
    0.7378,
    0.736,
    0.7332,
    0.7386,
    0.7348,
    0.7362
  ],
  "train_f1": [
    0.6168624565528095,
    0.734723910870809,
    0.7636982787111803,
    0.7714483285872411,
    0.7753423739912406,
    0.778261686563543,
    0.778982615661872,
    0.7839430960333601,
    0.7833633349605156,
    0.7845672302155676,
    0.7836520491870762,
    0.7865438281009624,
    0.7867730730541092,
    0.7895659637389522,
    0.7880749252675374,
    0.7871175962461757,
    0.7888680470476324,
    0.7894782924464405,
    0.7886814778405367
  ],
  "val_f1": [
    0.6630549870767677,
    0.7077497416560521,
    0.7224242424242424,
    0.7166555790109681,
    0.7211578597197552,
    0.7305191137790257,
    0.7197782461803096,
    0.7231569820966859,
    0.7309802750851178,
    0.7130884404168705,
    0.7323588028326057,
    0.7393516459074734,
    0.7412597901003932,
    0.7346238830975089,
    0.7322464812319388,
    0.7287559372763355,
    0.7347679162446189,
    0.7301261739511433,
    0.7319030602117271
  ],
  "gate_stylo": [
    0.49422112107276917,
    0.47476017475128174,
    0.4576702117919922,
    0.4474155306816101,
    0.43908748030662537,
    0.431581050157547,
    0.42542919516563416,
    0.42004576325416565,
    0.4164336919784546,
    0.412067174911499,
    0.40856438875198364,
    0.4045826196670532,
    0.4022309184074402,
    0.4000128209590912,
    0.39744094014167786,
    0.39562666416168213,
    0.3939812183380127,
    0.3931455612182617,
    0.3919636905193329
  ],
  "gate_perp": [
    0.36203908920288086,
    0.38000744581222534,
    0.3957764208316803,
    0.4053386151790619,
    0.41317594051361084,
    0.42035922408103943,
    0.42619067430496216,
    0.4314746558666229,
    0.4349796175956726,
    0.4391739070415497,
    0.4425821304321289,
    0.4465292692184448,
    0.44887256622314453,
    0.4510325789451599,
    0.45363059639930725,
    0.4553675949573517,
    0.45695793628692627,
    0.45774874091148376,
    0.4588795304298401
  ],
  "gate_sem": [
    0.5,
    0.5,
    0.5,
    0.5,
    0.5,
    0.5,
    0.5,
    0.5,
    0.5,
    0.5,
    0.5,
    0.5,
    0.5,
    0.5,
    0.5,
    0.5,
    0.5,
    0.5,
    0.5
  ],
  "lr": [
    0.0002460362635097695,
    0.00060049794732189,
    0.0006594007496429269,
    0.0006529638948680423,
    0.0006402430696556805,
    0.0006214858703988762,
    0.0005970573846451651,
    0.0005674330850827525,
    0.0005331895750054793,
    0.0004949933653855842,
    0.00045358790199577444,
    0.0004097790950829157,
    0.00036441963324178756,
    0.0003183923868015046,
    0.00027259322375881005,
    0.00022791357272655395,
    0.0001852230722897297,
    0.00014535264447961533,
    0.00010907832182159546
  ]
}