{
  "train_loss": [
    0.6210799257704281,
    0.5373648497510084,
    0.5228552278350381,
    0.5147946426256456,
    0.5098892635521404,
    0.5083052613837197,
    0.5065583187947299,
    0.5038763126906227,
    0.502855098470647,
    0.501901188731831,
    0.5001117375763979,
    0.4997653550005214,
    0.49909179720649105,
    0.4983943911797223,
    0.49646096474984114
  ],
  "val_loss": [
    0.6461231349945068,
    0.6416971490859985,
    0.6395205229759217,
    0.6040411623954773,
    0.6039018912315368,
    0.6127391342163085,
    0.6179631084442139,
    0.6093479176521301,
    0.5965987224578857,
    0.611465205860138,
    0.6017735111236572,
    0.6073326176643371,
    0.6070525705337524,
    0.6318919773101807,
    0.6132859754562378
  ],
  "train_loss_primary": [
    0.6033889299408,
    0.5017107872401967,
    0.48208321584737235,
    0.4715268444887457,
    0.4648757712088804,
    0.46266788763795946,
    0.46032282372209476,
    0.45677428714094315,
    0.4552506710756271,
    0.45392096256189807,
    0.45167036837435026,
    0.4512847814011701,
    0.4503425452798446,
    0.44946045285877695,
    0.44672349085782304
  ],
  "val_loss_primary": [
    0.5974837196350098,
    0.5863940278053283,
    0.5895131278991699,
    0.5405439908027649,
    0.5402205555915832,
    0.5509805821418762,
    0.5556774777412414,
    0.5462354204177856,
    0.532874732208252,
    0.5498485048294067,
    0.5417036858558655,
    0.5458616012573242,
    0.548915161895752,
    0.5782426148414612,
    0.5556662587165833
  ],
  "train_loss_aux": [
    0.6623589043311257,
    0.6205576530752335,
    0.61798991838241,
    0.6157528313085995,
    0.6149207383553612,
    0.614792455740791,
    0.6144411329279609,
    0.6137810286353617,
    0.6139320891489957,
    0.6138550430058158,
    0.6131415932573737,
    0.6128866859935822,
    0.6128400465065145,
    0.6125735729773414,
    0.6125150639424349
  ],
  "val_loss_aux": [
    0.7596150948524475,
    0.7707377183914185,
    0.756204444885254,
    0.7522012207984924,
    0.7524916199684143,
    0.7568424120903016,
    0.7632961957931519,
    0.75661041431427,
    0.7452880219459533,
    0.7552375002861023,
    0.7419364144325257,
    0.7507649542808533,
    0.7427065267562866,
    0.757073823928833,
    0.7477319890975952
  ],
  "train_acc": [
    0.7058823529411765,
    0.7785177139037434,
    0.7895638368983957,
    0.7933405748663102,
    0.7956801470588235,
    0.7989555481283422,
    0.7994234625668449,
    0.8005013368983958,
    0.8010277406417112,
    0.8022393048128342,
    0.8039522058823529,
    0.8030330882352941,
    0.8035929144385027,
    0.8040357620320856,
    0.8061413770053476
  ],
  "val_acc": [
    0.7246,
    0.741,
    0.735,
    0.7482,
    0.7528,
    0.7482,
    0.7502,
    0.7476,
    0.755,
    0.7486,
    0.7516,
    0.7458,
    0.7412,
    0.7366,
    0.7484
  ],
  "train_f1": [
    0.7050100664967491,
    0.7776835432830861,
    0.7888577311918517,
    0.7926366469705419,
    0.7949721181361,
    0.798305373393356,
    0.7987582229598655,
    0.7998510070635539,
    0.8003263863863491,
    0.8016260980047063,
    0.8032677922230064,
    0.8023744752935531,
    0.8029186995505994,
    0.8033937556377069,
    0.8054599799084021
  ],
  "val_f1": [
    0.7208829536348276,
    0.7380680277986885,
    0.730110366324357,
    0.7462077409178959,
    0.7500759882229981,
    0.7469529741346546,
    0.746337336572904,
    0.7449464225805278,
    0.7542014003497364,
    0.746700364183214,
    0.7488415163274855,
    0.7440195123593865,
    0.7389126239418495,
    0.7324732283298541,
    0.7452038369304557
  ],
  "gate_stylo": [
    0.45060715079307556,
    0.40707865357398987,
    0.3778458535671234,
    0.3619484305381775,
    0.34779834747314453,
    0.33644193410873413,
    0.3261646032333374,
    0.3170183002948761,
    0.314464271068573,
    0.3120400607585907,
    0.30374854803085327,
    0.298549085855484,
    0.2976321876049042,
    0.29486313462257385,
    0.2929981052875519
  ],
  "gate_perp": [
    0.2984931170940399,
    0.34261876344680786,
    0.37742334604263306,
    0.40189504623413086,
    0.4229504466056824,
    0.4433714747428894,
    0.46096906065940857,
    0.47306349873542786,
    0.4790215492248535,
    0.4859374463558197,
    0.4973127543926239,
    0.5048144459724426,
    0.5087705254554749,
    0.5130478739738464,
    0.5150383114814758
  ],
  "gate_sem": [
    0.5,
    0.5,
    0.5,
    0.5,
    0.5,
    0.5,
    0.5,
    0.5,
    0.5,
    0.5,
    0.5,
    0.5,
    0.5,
    0.5,
    0.5
  ],
  "lr": [
    0.000911953508382294,
    0.0022279937329202954,
    0.0024490331822970236,
    0.002425203101444662,
    0.002378032307736111,
    0.0023084389270149244,
    0.002217777515275543,
    0.0021078126937716466,
    0.0019806848026706777,
    0.0018388682417670853,
    0.0016851233091049083,
    0.0015224424749161487,
    0.0013539921365915844,
    0.0011830509883572831,
    0.0010129462052209507
  ]
}