{
  "train_loss": [
    0.7021443612616638,
    0.6039544919441486,
    0.5559254494206659,
    0.5382736222497349,
    0.5302465260028839,
    0.5248057233362362,
    0.5208859623506151,
    0.5193456277765077,
    0.5153250776488205,
    0.515407866445081,
    0.5125117687315777,
    0.5119539853827707,
    0.5106666961620594,
    0.5092165655103223,
    0.5085531254780704,
    0.5078134159075802,
    0.5061439792143887,
    0.5064903040384424,
    0.5046919314511891,
    0.5054032293886974,
    0.5030060968008535
  ],
  "val_loss": [
    0.707133101272583,
    0.6841604523658752,
    0.6740232168197632,
    0.6669075716018676,
    0.6611177584648132,
    0.6654601987838745,
    0.6656735873222351,
    0.6533427219390869,
    0.6569005414962769,
    0.664891962814331,
    0.650189418888092,
    0.653275503540039,
    0.6541683896064758,
    0.6553633172988892,
    0.6500385241508484,
    0.647512040424347,
    0.6530040822029114,
    0.6472439722061157,
    0.653550482749939,
    0.6549437242507935,
    0.6537063509941101
  ],
  "train_loss_primary": [
    0.6862490023004597,
    0.5767662037035515,
    0.5182625990489433,
    0.4963129794803159,
    0.48605665410387106,
    0.4792992703873536,
    0.4739645182572562,
    0.4721818162963308,
    0.46692064969704067,
    0.46682720451519405,
    0.46298677654101933,
    0.46204444123753186,
    0.4603981709685819,
    0.4585501520798124,
    0.45773226742086737,
    0.4567627087235451,
    0.45454611141106177,
    0.4548465555597996,
    0.45237577732267054,
    0.45328914553954686,
    0.4501546146026973
  ],
  "val_loss_primary": [
    0.6837384305000305,
    0.6575142960548401,
    0.6388647479057312,
    0.6274041179656983,
    0.6215141808509826,
    0.6265398789405823,
    0.6265408791542053,
    0.6115662606239319,
    0.6144890133857727,
    0.6235270228385925,
    0.6091157627105713,
    0.6119897659301757,
    0.6128049018859864,
    0.6126688407897949,
    0.605764803981781,
    0.603056911945343,
    0.6101858930587769,
    0.6042135704994201,
    0.6121421839714051,
    0.6131162754058838,
    0.6113387832641601
  ],
  "train_loss_aux": [
    0.7392335282317524,
    0.6673938138731594,
    0.6438054062169174,
    0.6361817794627157,
    0.6333562161388069,
    0.6309874309548016,
    0.6303693199979847,
    0.6293945220010034,
    0.6282687413281408,
    0.6287627328058769,
    0.628070077505605,
    0.6284095752855827,
    0.6279599121932326,
    0.6274381932513468,
    0.6271351200753245,
    0.6269317120313644,
    0.6265389888451017,
    0.6269923741447514,
    0.6267629486733469,
    0.6270027489497744,
    0.6263262012909199
  ],
  "val_loss_aux": [
    0.7617206809997559,
    0.7463348525047302,
    0.7560596543312073,
    0.7590823211669921,
    0.7535260782241822,
    0.7562742034912109,
    0.7569832370758056,
    0.7508211379051208,
    0.7558607502937317,
    0.7614101118087768,
    0.7460280177116394,
    0.7496089255332947,
    0.7506832692146301,
    0.7549838012695312,
    0.7533438496589661,
    0.7512406247138977,
    0.7529131586074829,
    0.7476482526779175,
    0.7501698989868164,
    0.7525410766601562,
    0.7525640468597412
  ],
  "train_acc": [
    0.6451626481681034,
    0.7391399515086207,
    0.7810900457974138,
    0.7980115167025862,
    0.80322265625,
    0.8072804418103449,
    0.810967807112069,
    0.812744140625,
    0.8166924838362069,
    0.8153202451508621,
    0.8170797413793104,
    0.8185445851293104,
    0.8194537984913793,
    0.820489291487069,
    0.8225350215517241,
    0.822198275862069,
    0.8239577720905172,
    0.8220719962284483,
    0.8248754040948276,
    0.8244713092672413,
    0.8261971309267241
  ],
  "val_acc": [
    0.6538,
    0.6856,
    0.7084,
    0.7186,
    0.7244,
    0.7222,
    0.7222,
    0.7292,
    0.726,
    0.7248,
    0.7316,
    0.7302,
    0.7302,
    0.7286,
    0.7342,
    0.7326,
    0.7328,
    0.7332,
    0.7316,
    0.7298,
    0.7298
  ],
  "train_f1": [
    0.6441279438440253,
    0.7382282705452596,
    0.7799102062431278,
    0.7970086793552547,
    0.8022799544419675,
    0.8063517425236093,
    0.8101223998417555,
    0.8118962438967641,
    0.8158416337407403,
    0.8144456578627528,
    0.8162715906366993,
    0.8177314170584369,
    0.8186743359113753,
    0.8196633062814149,
    0.8217300403822166,
    0.8214131396190341,
    0.8231786199296467,
    0.8212720088994953,
    0.8240706074331224,
    0.8236973959856327,
    0.8254093562708423
  ],
  "val_f1": [
    0.643916708847417,
    0.6769101760962857,
    0.7040817718268311,
    0.714191216598409,
    0.7203460922080223,
    0.7184505610739111,
    0.7171975066959446,
    0.7251897935895263,
    0.7217211849396318,
    0.7207246351397254,
    0.7283367374238128,
    0.7264813609314249,
    0.7260280760903504,
    0.724403335251746,
    0.7310513536494996,
    0.7290665839235608,
    0.7292817455653675,
    0.7293806297552123,
    0.7272701407546203,
    0.725676712503225,
    0.725676712503225
  ],
  "gate_stylo": [
    0.4950368404388428,
    0.4755345284938812,
    0.46059608459472656,
    0.45212218165397644,
    0.4446098208427429,
    0.43784117698669434,
    0.4312419295310974,
    0.42442160844802856,
    0.4198758602142334,
    0.4136768877506256,
    0.40925168991088867,
    0.40340110659599304,
    0.40027669072151184,
    0.39603662490844727,
    0.39235740900039673,
    0.3901083767414093,
    0.38815075159072876,
    0.3867749869823456,
    0.38534948229789734,
    0.384647399187088,
    0.38388779759407043
  ],
  "gate_perp": [
    0.28780728578567505,
    0.3036174178123474,
    0.31546247005462646,
    0.32237479090690613,
    0.32849588990211487,
    0.3344038724899292,
    0.3399319350719452,
    0.3458292782306671,
    0.3499178886413574,
    0.3551589250564575,
    0.3587738871574402,
    0.3635910749435425,
    0.3663881719112396,
    0.3700162172317505,
    0.373439222574234,
    0.37516552209854126,
    0.3770374655723572,
    0.3780007064342499,
    0.37931913137435913,
    0.37985023856163025,
    0.38060393929481506
  ],
  "gate_sem": [
    0.5,
    0.5,
    0.5,
    0.5,
    0.5,
    0.5,
    0.5,
    0.5,
    0.5,
    0.5,
    0.5,
    0.5,
    0.5,
    0.5,
    0.5,
    0.5,
    0.5,
    0.5,
    0.5,
    0.5,
    0.5
  ],
  "lr": [
    0.0004244821665113941,
    0.0010346469775152488,
    0.0011345854231512153,
    0.00112346230929117,
    0.0011015279646380829,
    0.001069209316260679,
    0.001027135409887707,
    0.0009761251662483575,
    0.0009171714417117783,
    0.0008514217034672062,
    0.000780155695380353,
    0.0007047605292347467,
    0.0006267036861786811,
    0.0005475044538738994,
    0.0004687043552894226,
    0.00039183714471041436,
    0.00031839895495563866,
    0.0002498191768539695,
    0.00018743263777781468,
    0.00013245362074665486,
    8.595222978929694e-05
  ]
}