{
  "train_loss": [
    0.674972665756144,
    0.5529317820454663,
    0.5330111030270072,
    0.5245821993299984,
    0.5183714249236061,
    0.5159244773859646,
    0.5133419761683214,
    0.5101587414104033,
    0.5077799310658705,
    0.5077242856994669,
    0.5057810022869212,
    0.5044428921319584,
    0.5035799026170517
  ],
  "val_loss": [
    0.6624189737319947,
    0.6395467900276184,
    0.6544211724281311,
    0.636784015083313,
    0.6184361179351807,
    0.625339873123169,
    0.5943518160820007,
    0.6130493552207946,
    0.6205782919883728,
    0.6308956031799317,
    0.6315633617401123,
    0.6194064851760864,
    0.6131034769058228
  ],
  "train_loss_primary": [
    0.6728573496010214,
    0.5221670235860794,
    0.4961590909384151,
    0.48495848621914095,
    0.4767014918799069,
    0.47328540195118296,
    0.46969510224413746,
    0.46531350564829166,
    0.4621866575855622,
    0.4621187221557699,
    0.459527268447978,
    0.4579624070521982,
    0.45658852610996065
  ],
  "val_loss_primary": [
    0.6170129777908325,
    0.5860520401954651,
    0.610780525302887,
    0.5889229388237,
    0.5637957851409912,
    0.5689722509384155,
    0.5303475129127503,
    0.5506575590133667,
    0.5594714357376098,
    0.5826211313247681,
    0.585765950012207,
    0.5656138323783875,
    0.5609236861228943
  ],
  "train_loss_aux": [
    0.6799083984471898,
    0.6247162118315059,
    0.6189991244020309,
    0.6170375235259214,
    0.6156012623705328,
    0.6154156512117641,
    0.6151846815876783,
    0.6147976167061749,
    0.6141642282990848,
    0.6141372605122347,
    0.6137063721603251,
    0.6128973480533151,
    0.6132264408835753
  ],
  "val_loss_aux": [
    0.7683663052558899,
    0.7643678635597229,
    0.7562493585586548,
    0.7484598687171936,
    0.7459302199363709,
    0.7568642947196961,
    0.7436951628684998,
    0.7586301719665527,
    0.7631609371185303,
    0.7435360502243042,
    0.7384239916801453,
    0.7449226570129395,
    0.734856324672699
  ],
  "train_acc": [
    0.637658756684492,
    0.7662683823529411,
    0.7803475935828877,
    0.7867814171122994,
    0.7917362967914439,
    0.7909592245989305,
    0.7949281417112299,
    0.796908422459893,
    0.7980614973262032,
    0.798245320855615,
    0.7995989304812834,
    0.7999247994652406,
    0.8014455213903743
  ],
  "val_acc": [
    0.7198,
    0.7378,
    0.7176,
    0.7356,
    0.7458,
    0.7426,
    0.7534,
    0.7508,
    0.7498,
    0.736,
    0.7306,
    0.7434,
    0.7452
  ],
  "train_f1": [
    0.6372959786551605,
    0.7655249449651476,
    0.7796158960161115,
    0.786081037289005,
    0.7910591904363935,
    0.7902933319783105,
    0.7942629826104417,
    0.7962775461842886,
    0.7974566715685387,
    0.7976095024952267,
    0.798941810389191,
    0.7993079647173437,
    0.8007715344264885
  ],
  "val_f1": [
    0.7184595860893714,
    0.7353508200430391,
    0.7128960895308738,
    0.7312794464470427,
    0.7432011027118408,
    0.7396413994208022,
    0.7512857196974327,
    0.7480963279641865,
    0.7468582805813105,
    0.7296549364762831,
    0.7243140854626335,
    0.7403375514685177,
    0.7410629734848485
  ],
  "gate_stylo": [
    0.4327166676521301,
    0.37703895568847656,
    0.34487298130989075,
    0.32069292664527893,
    0.30863210558891296,
    0.2960115075111389,
    0.2905261218547821,
    0.2828475832939148,
    0.2763972282409668,
    0.2708868384361267,
    0.2683666944503784,
    0.26595595479011536,
    0.262538880109787
  ],
  "gate_perp": [
    0.11677984148263931,
    0.1430085152387619,
    0.16370561718940735,
    0.1824188083410263,
    0.19467811286449432,
    0.20952700078487396,
    0.21793736517429352,
    0.2301972359418869,
    0.2391686737537384,
    0.24774745106697083,
    0.2551511228084564,
    0.25955894589424133,
    0.26469793915748596
  ],
  "gate_sem": [
    0.5,
    0.5,
    0.5,
    0.5,
    0.5,
    0.5,
    0.5,
    0.5,
    0.5,
    0.5,
    0.5,
    0.5,
    0.5
  ],
  "lr": [
    0.0006243251208694468,
    0.001525288782614919,
    0.0016766128135886468,
    0.001660298694533531,
    0.001628005478692035,
    0.0015803617167775249,
    0.0015182947404216906,
    0.0014430126127191593,
    0.0013559806146535096,
    0.0012588927250696596,
    0.0011536386493025202,
    0.001042267038212163,
    0.0009269456135251314
  ]
}