{
  "train_loss": [
    0.7513026819749868,
    0.6154183819411398,
    0.5482519560631133,
    0.5142094218501188,
    0.4973856173056862,
    0.4869463577132664,
    0.4785274059154747,
    0.4726666270154957,
    0.4671901431915847,
    0.46333509115641835,
    0.46008766163339965
  ],
  "val_loss": [
    0.7579187041282653,
    0.8198957033157349,
    0.8166651205062866,
    0.8315671286582946,
    0.8159644823074341,
    0.823220136833191,
    0.8196236901283264,
    0.8121932832717895,
    0.8048832666397094,
    0.8184873965263366,
    0.8359618771553039
  ],
  "train_loss_primary": [
    0.7576938323852082,
    0.6144552655853092,
    0.5479488813136834,
    0.5141519332978659,
    0.49782695881304445,
    0.4872201278454742,
    0.47879006124921225,
    0.47299339493030657,
    0.467385936727871,
    0.46362861129405414,
    0.46002272677625783
  ],
  "val_loss_primary": [
    0.7668729683876038,
    0.8268668058395385,
    0.8203081411361695,
    0.8376938670158386,
    0.8191081291198731,
    0.826897149848938,
    0.8200325119972229,
    0.8169148411750794,
    0.8063313738822937,
    0.8223951712608337,
    0.8407183589935303
  ],
  "train_loss_aux": [
    0.7363899987055351,
    0.6176656493538197,
    0.5489591305209942,
    0.5143435610821211,
    0.49635581713672366,
    0.48630755661131225,
    0.477914542725561,
    0.47190416567585963,
    0.4667332869908539,
    0.4626502069850039,
    0.46023917153509575
  ],
  "val_loss_aux": [
    0.7370253649711609,
    0.8036297323226929,
    0.808164727973938,
    0.8172714007377625,
    0.8086292810440063,
    0.8146404435157776,
    0.8186698254585266,
    0.8011762833595276,
    0.8015043195724487,
    0.8093692560195923,
    0.8248633894920349
  ],
  "train_acc": [
    0.5823574678800857,
    0.7203058083511777,
    0.7770008029978587,
    0.8026716407922913,
    0.8122908859743041,
    0.8197186161670236,
    0.8243860412205567,
    0.8276900428265525,
    0.8320061563169164,
    0.8335703292291221,
    0.8361633431477516
  ],
  "val_acc": [
    0.6136,
    0.6188,
    0.6128,
    0.6096,
    0.6148,
    0.6078,
    0.6134,
    0.6098,
    0.612,
    0.613,
    0.607
  ],
  "train_f1": [
    0.5788098559545178,
    0.7197086914944798,
    0.775960131505255,
    0.8015934643897781,
    0.8111885046595555,
    0.8186742625326092,
    0.8233642094611814,
    0.8267302136419358,
    0.831018907254623,
    0.83263127255716,
    0.835211725521241
  ],
  "val_f1": [
    0.6056025021949079,
    0.6023147700711694,
    0.5893011942849734,
    0.5855693902910458,
    0.5910894701334806,
    0.5800636221814635,
    0.5901451471383162,
    0.5866614922024358,
    0.5899283008658008,
    0.5917397494712555,
    0.580485885730504
  ],
  "gate_stylo": [
    0.5008164048194885,
    0.4963854253292084,
    0.49137750267982483,
    0.4871976375579834,
    0.48162150382995605,
    0.4771599769592285,
    0.47131913900375366,
    0.4681856632232666,
    0.46311840415000916,
    0.45795124769210815,
    0.45497840642929077
  ],
  "gate_perp": [
    0.12000000476837158,
    0.12000000476837158,
    0.12000000476837158,
    0.12000000476837158,
    0.12000000476837158,
    0.12000000476837158,
    0.12000000476837158,
    0.12000000476837158,
    0.12000000476837158,
    0.12000000476837158,
    0.12000000476837158
  ],
  "gate_sem": [
    0.49901601672172546,
    0.5030677318572998,
    0.507781982421875,
    0.5118506550788879,
    0.517357349395752,
    0.5218355059623718,
    0.5275670886039734,
    0.5306893587112427,
    0.5358023047447205,
    0.5408211946487427,
    0.5436607599258423
  ],
  "lr": [
    6.587390436103396e-05,
    0.0001859588249330918,
    0.0003343483937034656,
    0.00045431586995592875,
    0.0004999999972064964,
    0.0004993884052007874,
    0.0004975618228252746,
    0.0004945291490056838,
    0.0004903051586240209,
    0.00048491043053683136,
    0.0004783712473170798
  ]
}