{
  "train_loss": [
    0.7509959166514542,
    0.6413964202878817,
    0.5687532229648157,
    0.525426676748141,
    0.5030221427916459,
    0.4899029932772577,
    0.4794703665203405,
    0.4726107795054703,
    0.4652174569554707,
    0.4606198043077865,
    0.45653045011536725,
    0.45278111036380303,
    0.45066715186617357,
    0.44723224065543754,
    0.4457720725515925,
    0.44316101227378435,
    0.4404819866829817,
    0.43914573153030184,
    0.43855445007185356,
    0.4369961963348266,
    0.434362619860014,
    0.4338999987286725
  ],
  "val_loss": [
    0.6855610754013062,
    0.7164555814743042,
    0.6985085063934326,
    0.6902745357513428,
    0.6791872652053833,
    0.6860706329345703,
    0.700267955493927,
    0.6819752332687378,
    0.6714225845336914,
    0.6880645231246948,
    0.6899105411529541,
    0.6640258998870849,
    0.6903363519668579,
    0.6826099155426025,
    0.6653466007232666,
    0.676567151260376,
    0.6735488854408264,
    0.6669253232955933,
    0.6701185793876648,
    0.6703804911613465,
    0.667542822933197,
    0.6733301031112671
  ],
  "train_loss_primary": [
    0.751520560053227,
    0.6338955722988545,
    0.5568785127531538,
    0.5089373588562012,
    0.4848345835918533,
    0.4705988904521093,
    0.459365547341504,
    0.4520041483117375,
    0.44401996159961954,
    0.4391208271270646,
    0.4346093380349096,
    0.4302802889326655,
    0.42865755930702487,
    0.42462022554695733,
    0.42336299013529904,
    0.4207352277936466,
    0.4177236400018157,
    0.4160942817525639,
    0.41565457069388806,
    0.4142011478064658,
    0.4106981273764461,
    0.4106457292140168
  ],
  "val_loss_primary": [
    0.6639229128837586,
    0.6928885179519654,
    0.6616477673530579,
    0.6446043215751648,
    0.6288147265434265,
    0.6372019536018372,
    0.651712765789032,
    0.6349262009620666,
    0.6228600525856018,
    0.6407539024353027,
    0.6371624725341797,
    0.6061049751281739,
    0.6410005530357361,
    0.6307517155647278,
    0.6138342635154724,
    0.6173127818107605,
    0.6233594428062439,
    0.6131025642395019,
    0.6133810507774353,
    0.6133168192863464,
    0.6146180925369262,
    0.6205480849266052
  ],
  "train_loss_aux": [
    0.7497717448424476,
    0.6588983891862873,
    0.5964608764240011,
    0.5639017529993037,
    0.5454597750108299,
    0.534945896912438,
    0.5263816066548962,
    0.5206929147881665,
    0.5146782765807125,
    0.5107840819072927,
    0.507679707105461,
    0.5052830227820214,
    0.5020228652423148,
    0.49999360673177423,
    0.498059926055994,
    0.49548784000460033,
    0.4935847915214441,
    0.492932444466258,
    0.4919874998690995,
    0.49018464194375394,
    0.4895797642446432,
    0.48815995971702153
  ],
  "val_loss_aux": [
    0.7360501017570495,
    0.7714454065322875,
    0.7845169159889221,
    0.796838339138031,
    0.7967232332706451,
    0.800097536945343,
    0.8135634041309356,
    0.7917562565803528,
    0.7847351643562317,
    0.7984559000015259,
    0.8129893788814545,
    0.799174730014801,
    0.8054532073497772,
    0.8036123585224152,
    0.7855420484542847,
    0.8148273490428924,
    0.7906575458526611,
    0.7925117655754089,
    0.8025061883926392,
    0.8035290676116943,
    0.7910338864326477,
    0.7964881434440613
  ],
  "train_acc": [
    0.570412874732334,
    0.6980978988222698,
    0.7689540952890792,
    0.8046707708779444,
    0.819283658993576,
    0.8293127676659529,
    0.8363139052462527,
    0.8408474973233405,
    0.8465855861884368,
    0.8495131825481799,
    0.8518050722698073,
    0.8537623795503212,
    0.8550170637044968,
    0.8583879817987152,
    0.8586221895074947,
    0.8615665149892934,
    0.8634234475374732,
    0.8636325615631691,
    0.8628128345824411,
    0.863799852783726,
    0.8666521680942184,
    0.8674133431477516
  ],
  "val_acc": [
    0.6746,
    0.6746,
    0.7062,
    0.7108,
    0.7226,
    0.7184,
    0.7182,
    0.722,
    0.7374,
    0.7272,
    0.7314,
    0.7492,
    0.7282,
    0.7376,
    0.7438,
    0.7392,
    0.7342,
    0.7418,
    0.7442,
    0.7468,
    0.7472,
    0.7432
  ],
  "train_f1": [
    0.5693375149581728,
    0.6972803199288493,
    0.767840484395205,
    0.8037210653593678,
    0.8183354977032985,
    0.8284078202119955,
    0.8354329630536277,
    0.8400275659319149,
    0.8458004058375577,
    0.8487462490122865,
    0.8510530256558919,
    0.8529840033249365,
    0.8543078802205374,
    0.8576961214246179,
    0.8579394432859884,
    0.8608849555292104,
    0.8627558666740749,
    0.8629454397692553,
    0.8621511289296804,
    0.863131702532456,
    0.8660106964113758,
    0.8667877146875176
  ],
  "val_f1": [
    0.6698296860979304,
    0.6641737917759444,
    0.6973502177162406,
    0.704070370837891,
    0.7156626112815974,
    0.7111526584458963,
    0.7099954105590238,
    0.7157053060925294,
    0.7329841017554679,
    0.7198849178811011,
    0.7243973896595296,
    0.7453600706071444,
    0.7206310112898373,
    0.7320436572773021,
    0.739044078327519,
    0.73342387109098,
    0.7281980808943866,
    0.7374029809785785,
    0.7388599470573762,
    0.7428200476526419,
    0.742521345061975,
    0.7380060645474704
  ],
  "gate_stylo": [
    0.5,
    0.5,
    0.5,
    0.5,
    0.5,
    0.5,
    0.5,
    0.5,
    0.5,
    0.5,
    0.5,
    0.5,
    0.5,
    0.5,
    0.5,
    0.5,
    0.5,
    0.5,
    0.5,
    0.5,
    0.5,
    0.5
  ],
  "gate_perp": [
    0.12169025838375092,
    0.12807950377464294,
    0.1394592672586441,
    0.15046624839305878,
    0.1583259254693985,
    0.16478495299816132,
    0.1700512319803238,
    0.17532293498516083,
    0.1785167008638382,
    0.18054908514022827,
    0.18290959298610687,
    0.18376874923706055,
    0.18494878709316254,
    0.1865362823009491,
    0.188307523727417,
    0.18891137838363647,
    0.18827112019062042,
    0.188577800989151,
    0.1890614777803421,
    0.18972565233707428,
    0.19125236570835114,
    0.19086740911006927
  ],
  "gate_sem": [
    0.4959677457809448,
    0.48132482171058655,
    0.4562947154045105,
    0.433335542678833,
    0.4179288148880005,
    0.40587401390075684,
    0.3965138792991638,
    0.38774701952934265,
    0.382590115070343,
    0.3793582618236542,
    0.375544011592865,
    0.37397995591163635,
    0.37203651666641235,
    0.3692571520805359,
    0.36670011281967163,
    0.3656059205532074,
    0.3656917214393616,
    0.3646945655345917,
    0.3633408844470978,
    0.3620472848415375,
    0.35972681641578674,
    0.3595028817653656
  ],
  "lr": [
    6.587390436103396e-05,
    0.0001859588249330918,
    0.0003343483937034656,
    0.00045431586995592875,
    0.0004999999972064964,
    0.0004993884052007874,
    0.0004975618228252746,
    0.0004945291490056838,
    0.0004903051586240209,
    0.00048491043053683136,
    0.0004783712473170798,
    0.0004707194672080963,
    0.00046199236891341787,
    0.00045223246997869106,
    0.00044148731965046437,
    0.00042980926722103807,
    0.0004172552069879748,
    0.0004038863010708002,
    0.00038976768143530495,
    0.00037496813257715465,
    0.0003595597564107407,
    0.00034361762099590124
  ]
}