{
  "train_loss": [
    0.7389881832076904,
    0.6385780175101948,
    0.6086623757280768,
    0.5958442959555967,
    0.5897367142738505,
    0.5872139225669085,
    0.58460891865154,
    0.5820349982078062,
    0.5813547842961582,
    0.5804478230642125,
    0.5797721947259444,
    0.5775503006210939,
    0.5774020415895126,
    0.5770921522920782,
    0.5767493310140416,
    0.5763925910952257
  ],
  "val_loss": [
    0.7103295706748962,
    0.7025603816986083,
    0.6828765330314637,
    0.6869256576538086,
    0.6818805738449096,
    0.6799334474563599,
    0.6777892461776733,
    0.6736101860046386,
    0.6710800664901734,
    0.6670759699821472,
    0.6664097254753113,
    0.6715675053596497,
    0.672666940021515,
    0.6691784756660462,
    0.6659038106918335,
    0.6711315560340881
  ],
  "train_loss_primary": [
    0.7361072454860503,
    0.6280024132626579,
    0.5913120483969622,
    0.5754450091066208,
    0.5673985062754728,
    0.5642854138172884,
    0.5607777098920893,
    0.557353160757432,
    0.5567461849533938,
    0.5555071772419833,
    0.5545532615745769,
    0.5516071703344743,
    0.5514894829714362,
    0.5508837773200662,
    0.5505775262965238,
    0.5499838694212908
  ],
  "val_loss_primary": [
    0.6886109894752502,
    0.6775293248176575,
    0.6523116641044616,
    0.6585148755073548,
    0.6510712624549866,
    0.6482134965896607,
    0.6446079460144043,
    0.6388922428131103,
    0.6372084910392761,
    0.6310177167892456,
    0.6302670347213745,
    0.638732703590393,
    0.6386278200149537,
    0.633143212890625,
    0.6301332589149475,
    0.6362755456924438
  ],
  "train_loss_aux": [
    0.7457103664224798,
    0.6632544212162813,
    0.6491464638455029,
    0.6434426242017491,
    0.6418591916242385,
    0.6407137726079971,
    0.640215064943793,
    0.6396259468507002,
    0.6387748468368448,
    0.6386426542531998,
    0.6386163633137463,
    0.6380842697174154,
    0.6378646663803468,
    0.6382450225518986,
    0.6378168735274656,
    0.6380129370459898
  ],
  "val_loss_aux": [
    0.7610062662124634,
    0.7609661680221558,
    0.7541945363998414,
    0.7532174623489379,
    0.7537689761161804,
    0.753946663093567,
    0.7552122703552246,
    0.7546187184333801,
    0.7501137315750122,
    0.7512118906974793,
    0.7507426634788513,
    0.7481820118904113,
    0.7520915360450745,
    0.7532607620239258,
    0.7493684573173522,
    0.7524622540473938
  ],
  "train_acc": [
    0.6031500668449198,
    0.7126504010695187,
    0.7460979278074866,
    0.7567513368983957,
    0.7630264037433155,
    0.7671122994652406,
    0.7683155080213904,
    0.7703208556149732,
    0.7715992647058824,
    0.7711814839572193,
    0.7731868315508021,
    0.7743733288770054,
    0.7743482620320855,
    0.775476270053476,
    0.7758773395721925,
    0.7768716577540107
  ],
  "val_acc": [
    0.6614,
    0.6862,
    0.6968,
    0.7032,
    0.7074,
    0.712,
    0.7168,
    0.7218,
    0.7216,
    0.7296,
    0.7296,
    0.7266,
    0.7266,
    0.7282,
    0.7276,
    0.7284
  ],
  "train_f1": [
    0.6010665882435002,
    0.7118076169291704,
    0.745294176047589,
    0.7560312498984054,
    0.762316862105557,
    0.7664203292691729,
    0.7676835556910646,
    0.7696927618808754,
    0.7709844485431058,
    0.7705486963976871,
    0.7726047732621515,
    0.7738331357448807,
    0.7737697594056173,
    0.7748847207518792,
    0.775340011389569,
    0.7762583415019819
  ],
  "val_f1": [
    0.6598914280224795,
    0.6802332939626945,
    0.6922494276976164,
    0.6987156842442921,
    0.7025725260529594,
    0.7082347815262044,
    0.7137274481519166,
    0.7192013658885335,
    0.718555900621118,
    0.7271687020850123,
    0.7270209374940941,
    0.7237370204397016,
    0.7233613246342107,
    0.7254656266601602,
    0.7246676443323745,
    0.7256786887004991
  ],
  "gate_stylo": [
    0.49756279587745667,
    0.4771013557910919,
    0.460552841424942,
    0.449550598859787,
    0.4417406916618347,
    0.4361802935600281,
    0.43240052461624146,
    0.42823246121406555,
    0.42322391271591187,
    0.4193950891494751,
    0.41572052240371704,
    0.41336795687675476,
    0.4111554026603699,
    0.4088197350502014,
    0.40661582350730896,
    0.40606820583343506
  ],
  "gate_perp": [
    0.38219010829925537,
    0.3996158242225647,
    0.4144464433193207,
    0.4246423840522766,
    0.4318074584007263,
    0.43727752566337585,
    0.4401453137397766,
    0.443859726190567,
    0.44877946376800537,
    0.45204946398735046,
    0.4553109109401703,
    0.4574202597141266,
    0.4597446322441101,
    0.4617488384246826,
    0.4638547897338867,
    0.46457162499427795
  ],
  "gate_sem": [
    0.5,
    0.5,
    0.5,
    0.5,
    0.5,
    0.5,
    0.5,
    0.5,
    0.5,
    0.5,
    0.5,
    0.5,
    0.5,
    0.5,
    0.5,
    0.5
  ],
  "lr": [
    0.00011702963437648845,
    0.00028591511470721397,
    0.0003142807777652203,
    0.0003112226990104589,
    0.00030516934136643484,
    0.00029623852655409676,
    0.00028460408272511565,
    0.0002704924610946388,
    0.00025417832832597186,
    0.00023597922045640588,
    0.00021624936241944353,
    0.00019537277345939354,
    0.00017375579263359523,
    0.00015181916988487156,
    0.0001299898766224878,
    0.00010869279520934329
  ]
}