{
  "train_loss": [
    0.7267472314962091,
    0.6050044479854604,
    0.5636260005242046,
    0.5480988674622806,
    0.5393671369807606,
    0.5339966848891049,
    0.5294052150478975,
    0.5266279313016066,
    0.5250974301985878,
    0.5236240414374652,
    0.5213480373754859,
    0.5218043341356166,
    0.5195026363281006,
    0.5188204833849228,
    0.5182634199685592,
    0.5173977181873219,
    0.5181469433766636,
    0.5169288699320931,
    0.5163339894085645,
    0.5161228483373469,
    0.5156149370147582,
    0.5160753421604952,
    0.5158671525710407,
    0.5158439246090976,
    0.5148085855226465
  ],
  "val_loss": [
    0.7066563279151916,
    0.6688595128059387,
    0.6546783590316773,
    0.65222711353302,
    0.6552582281112671,
    0.6555953385353088,
    0.6472263926506042,
    0.6472618968963623,
    0.6546563266754151,
    0.6452204818725586,
    0.6496725303649903,
    0.6440172464370727,
    0.6336478772163391,
    0.6453265371322632,
    0.6335975294113159,
    0.640836129283905,
    0.6388012072563172,
    0.6375498840332031,
    0.6388172242164611,
    0.6362972460746765,
    0.636139204788208,
    0.6366480218887329,
    0.6362800422668458,
    0.6363106593132019,
    0.6363024072647094
  ],
  "train_loss_primary": [
    0.7075633259380565,
    0.5813533324290087,
    0.5307940621745778,
    0.511306341606028,
    0.5000108015409765,
    0.49298549112789136,
    0.48681770528064056,
    0.48317799265371925,
    0.48117115806768285,
    0.4791693091711258,
    0.47619838963217914,
    0.4768762941985207,
    0.47353611977342613,
    0.4729900327277056,
    0.4722439884820724,
    0.47113701140179354,
    0.47185919307132457,
    0.47033964985194693,
    0.46972572841746285,
    0.46912540302557104,
    0.4686875614252957,
    0.4693676543427024,
    0.46902650467214735,
    0.4689148697304853,
    0.467390871812953
  ],
  "val_loss_primary": [
    0.6886613204956055,
    0.6258328865051269,
    0.6118229758262634,
    0.6059499542236328,
    0.6117534873008728,
    0.611294882106781,
    0.6004266652107239,
    0.6023824375152588,
    0.6089141869544983,
    0.5988514736175538,
    0.6052938718795776,
    0.5962773132324218,
    0.5837222927093506,
    0.597175438785553,
    0.5843522493362426,
    0.5925787608146668,
    0.5901609672546386,
    0.5883078682899475,
    0.5898606376647949,
    0.5869623819351196,
    0.5864116226196289,
    0.5870105821609497,
    0.586564203262329,
    0.5866605237960816,
    0.5866549314498901
  ],
  "train_loss_aux": [
    0.7715096731874395,
    0.6601903736272597,
    0.640233852072833,
    0.633948083931112,
    0.6311985764273985,
    0.6296894660608017,
    0.6287760603236642,
    0.6280111110784153,
    0.6275920569577956,
    0.6273517404648072,
    0.6266972103858377,
    0.6266364203417365,
    0.6267578351943888,
    0.6257581972820874,
    0.6256420864778407,
    0.6253393592043994,
    0.6261516835600297,
    0.6256370430324167,
    0.6250865879543325,
    0.625783546404405,
    0.6251121380749871,
    0.6250599387495276,
    0.6251619892961838,
    0.625345043256321,
    0.6254499100746318
  ],
  "val_loss_aux": [
    0.7486446695327759,
    0.7692549263954163,
    0.7546742466926575,
    0.760207142162323,
    0.756769295501709,
    0.7589630270004273,
    0.7564257402420044,
    0.7519806583404541,
    0.761387996673584,
    0.7534148043632507,
    0.753222714805603,
    0.755410408782959,
    0.7501409266471862,
    0.7576790800094605,
    0.7485032017707824,
    0.753436630153656,
    0.7522950914382934,
    0.7524479024887085,
    0.7530492344856262,
    0.7514119213104248,
    0.752170217704773,
    0.7524687005996704,
    0.752283669090271,
    0.7521609872817994,
    0.7521465068817139
  ],
  "train_acc": [
    0.6251336898395722,
    0.7343332219251337,
    0.7729194518716578,
    0.7862383021390374,
    0.7936664438502674,
    0.7981868315508022,
    0.803125,
    0.8043950534759359,
    0.805514705882353,
    0.8069518716577541,
    0.808798462566845,
    0.8070437834224599,
    0.8101520721925134,
    0.8097510026737967,
    0.8114304812834224,
    0.8111463903743316,
    0.8107035427807486,
    0.8105531417112299,
    0.8119819518716578,
    0.8129344919786097,
    0.8122326203208556,
    0.8118816844919786,
    0.8122326203208556,
    0.8127924465240641,
    0.8136029411764706
  ],
  "val_acc": [
    0.6626,
    0.7246,
    0.7288,
    0.7302,
    0.732,
    0.7322,
    0.7366,
    0.7386,
    0.7362,
    0.7366,
    0.7378,
    0.7394,
    0.7434,
    0.74,
    0.7448,
    0.7412,
    0.7432,
    0.7456,
    0.7436,
    0.745,
    0.7462,
    0.7456,
    0.746,
    0.7452,
    0.7452
  ],
  "train_f1": [
    0.6245261865073608,
    0.7333462915194624,
    0.7719030601007306,
    0.785167603545452,
    0.7927127090962413,
    0.797303860338804,
    0.8022607841968036,
    0.8035988744106477,
    0.8046931794793132,
    0.8061710616554045,
    0.8080596811429963,
    0.8062689056895627,
    0.8094141506338475,
    0.8090242262105685,
    0.810715790014036,
    0.8104469407218042,
    0.8099886402194675,
    0.8098411886507637,
    0.8112825169559703,
    0.8122169590095538,
    0.8115248493447658,
    0.8111683139838999,
    0.8115025888797938,
    0.8120722234948132,
    0.8128825289614541
  ],
  "val_f1": [
    0.6578847070245903,
    0.7224210160793825,
    0.726016148721344,
    0.7273522377469084,
    0.7284208474858499,
    0.7293058573320167,
    0.7336182182323342,
    0.734663671891796,
    0.7328851149612647,
    0.7333380955869337,
    0.7338252551227066,
    0.7361253258487702,
    0.7409423825571478,
    0.7366731923100793,
    0.7419878325020597,
    0.7380301649964571,
    0.7402145876064392,
    0.7429465503427056,
    0.7405513328699684,
    0.7421572840567254,
    0.7435211191258908,
    0.7428399110517216,
    0.7432870991377518,
    0.7424139492753623,
    0.7424139492753623
  ],
  "gate_stylo": [
    0.4958583414554596,
    0.4791225492954254,
    0.46532317996025085,
    0.4561249315738678,
    0.4482567012310028,
    0.4406282305717468,
    0.43479427695274353,
    0.4296415150165558,
    0.4260278642177582,
    0.42237588763237,
    0.41897183656692505,
    0.41609781980514526,
    0.41384008526802063,
    0.4117880165576935,
    0.40976712107658386,
    0.4086669385433197,
    0.40755054354667664,
    0.40645623207092285,
    0.40580764412879944,
    0.40526169538497925,
    0.4049803614616394,
    0.4048095643520355,
    0.4046951234340668,
    0.40463465452194214,
    0.4046270251274109
  ],
  "gate_perp": [
    0.24481184780597687,
    0.2572076618671417,
    0.2676292657852173,
    0.274777889251709,
    0.28098493814468384,
    0.28716057538986206,
    0.2919178009033203,
    0.29620492458343506,
    0.2992328405380249,
    0.3023442029953003,
    0.3052537739276886,
    0.30774250626564026,
    0.3096650540828705,
    0.31141942739486694,
    0.31317421793937683,
    0.3141261637210846,
    0.3150936961174011,
    0.3160476088523865,
    0.3166077733039856,
    0.31708312034606934,
    0.317322701215744,
    0.31747227907180786,
    0.3175719380378723,
    0.317626029253006,
    0.3176325261592865
  ],
  "gate_sem": [
    0.5,
    0.5,
    0.5,
    0.5,
    0.5,
    0.5,
    0.5,
    0.5,
    0.5,
    0.5,
    0.5,
    0.5,
    0.5,
    0.5,
    0.5,
    0.5,
    0.5,
    0.5,
    0.5,
    0.5,
    0.5,
    0.5,
    0.5,
    0.5,
    0.5
  ],