{
  "train_loss": [
    0.7358765904602198,
    0.6763062960841161,
    0.6468913567908571,
    0.6348157114084069,
    0.6294902341013547,
    0.6241433870613703,
    0.6205436975338219,
    0.6185404289457986,
    0.615574441451332,
    0.6149004960723812,
    0.6118263398043859,
    0.610431058503831,
    0.6109494947263975,
    0.6088527735857178,
    0.6092838066803566,
    0.6083009823741954,
    0.6075440937497631,
    0.6075268611152371,
    0.60632537914803,
    0.6068454320987235,
    0.6047378410874393,
    0.60405928368742,
    0.6040861307936511,
    0.6041284973156784,
    0.6037409169005122
  ],
  "val_loss": [
    0.6441195018768311,
    0.648527463722229,
    0.6613195326805115,
    0.652325081539154,
    0.6652207287788391,
    0.6504220290184021,
    0.6478206539154052,
    0.6290109513282776,
    0.6286789687156678,
    0.6232816144943237,
    0.6438144039154052,
    0.6269515905380248,
    0.6321330211639404,
    0.6349500310897828,
    0.6255062479019166,
    0.6280694861412048,
    0.6238545205116272,
    0.6326464275360107,
    0.6321284226417542,
    0.6333669845581055,
    0.6397879190444946,
    0.6336276299476623,
    0.6394007811546326,
    0.6312005205154418,
    0.6420265783309936
  ],
  "train_loss_primary": [
    0.7332640074560423,
    0.6504807287161049,
    0.6091274360007342,
    0.5921063562276787,
    0.584525947780119,
    0.5769718821605216,
    0.5719127846478905,
    0.5690823399025061,
    0.5648892881783479,
    0.5639563934833641,
    0.559560539252753,
    0.5575826058295861,
    0.5583165980380914,
    0.5553369825861438,
    0.55596377290546,
    0.5545755129554798,
    0.5534961967064941,
    0.5534618028481461,
    0.5517862065190676,
    0.5524993437388214,
    0.5495114547282266,
    0.5485423549339654,
    0.54858816691078,
    0.5486457019852877,
    0.5480839028731148
  ],
  "val_loss_primary": [
    0.6055784303665162,
    0.6115764533042908,
    0.6295021681785583,
    0.6167212586402893,
    0.6342914854049683,
    0.6141856895446778,
    0.6103734209060669,
    0.5834940925598144,
    0.5829051494598388,
    0.5753220872879028,
    0.6044333717346192,
    0.5802411145210266,
    0.5879563032150269,
    0.591980512046814,
    0.5787801933288574,
    0.5814055427551269,
    0.5763948260307312,
    0.5888085614204407,
    0.58805656042099,
    0.5898025459289551,
    0.5988682292938232,
    0.5899864767074585,
    0.5982438164710998,
    0.5861463205337525,
    0.6018727569580078
  ],
  "train_loss_aux": [
    0.7419726137686082,
    0.7365659422996979,
    0.735007163671661,
    0.7344708655835219,
    0.7344068884849548,
    0.7342102242996656,
    0.7340158181986921,
    0.7339426239501741,
    0.7338397898561694,
    0.7337700623771618,
    0.7337798735314314,
    0.7337441090853363,
    0.7337595784689681,
    0.7337229443311181,
    0.7336972057181201,
    0.7336604045085785,
    0.7336558393288476,
    0.7336786502944326,
    0.7335834395962048,
    0.7336529655425911,
    0.733599398452669,
    0.7335987725400822,
    0.7335813706641023,
    0.7335883465773033,
    0.7336072723921667
  ],
  "val_loss_aux": [
    0.7340486433029175,
    0.7347464916229248,
    0.735560036277771,
    0.735400654411316,
    0.7373889811515808,
    0.7349734806060791,
    0.7351975301742554,
    0.7352169755935669,
    0.7354845275878906,
    0.7351871888160706,
    0.7357034163475037,
    0.735942684173584,
    0.735212036895752,
    0.7352122113227845,
    0.7345336867332458,
    0.7369520147323608,
    0.7345938245773316,
    0.7349347833633423,
    0.73496279296875,
    0.7350172930717468,
    0.7352671463012695,
    0.7354569289207459,
    0.7354336874961853,
    0.7363269973754882,
    0.7357188063621521
  ],
  "train_acc": [
    0.5678700481798715,
    0.6468816916488223,
    0.6817619111349036,
    0.6957390926124197,
    0.6994613222698073,
    0.7044967880085653,
    0.7073825615631691,
    0.7110964266595289,
    0.7128027971092077,
    0.7130286402569593,
    0.7168512446466809,
    0.718390323875803,
    0.7158474973233405,
    0.7197035599571735,
    0.7195028104925053,
    0.7205567451820128,
    0.7224889587794433,
    0.7201050588865097,
    0.7211840872591007,
    0.7206320262312634,
    0.7227398956102784,
    0.7235596225910065,
    0.7250568790149893,
    0.7216692317987152,
    0.7253580032119914
  ],
  "val_acc": [
    0.7302,
    0.7158,
    0.704,
    0.7118,
    0.7066,
    0.7164,
    0.7202,
    0.7406,
    0.743,
    0.7456,
    0.7224,
    0.742,
    0.7322,
    0.7448,
    0.7458,
    0.7396,
    0.7438,
    0.74,
    0.7324,
    0.7312,
    0.727,
    0.7328,
    0.7264,
    0.7364,
    0.7236
  ],
  "train_f1": [
    0.5676550489075274,
    0.6460142865623713,
    0.6808807910131065,
    0.6949435969976938,
    0.6986809689519733,
    0.7041622912260594,
    0.7067845634778207,
    0.7105761129577641,
    0.7121773517720139,
    0.7125878273677707,
    0.7162883817084382,
    0.7176462911268866,
    0.7156936553515578,
    0.7195879006938435,
    0.7188713523728416,
    0.7198749596565602,
    0.7215821114332834,
    0.7194740645732514,
    0.7204929205071962,
    0.7199799828903635,
    0.722520326512337,
    0.7230804667157518,
    0.7246239974581392,
    0.7213649078155695,
    0.7245627231607501
  ],
  "val_f1": [
    0.7273522377469084,
    0.7150934202860462,
    0.7018150918312809,
    0.711083475462486,
    0.7051302630780758,
    0.715218910299821,
    0.7186172218730358,
    0.740064230789935,
    0.7423610450862557,
    0.7451331246630828,
    0.7197302173148895,
    0.7414995431154716,
    0.7302694956232952,
    0.7441908057524511,
    0.7455361617139113,
    0.7382278532319572,
    0.7433342131967409,
    0.7391102197510742,
    0.7311273072411877,
    0.7291021671826625,
    0.7247204097128319,
    0.7307337151540001,
    0.7244370660185941,
    0.7353695927052921,
    0.7205068379963795
  ],
  "gate_stylo": [
    0.5,
    0.5,
    0.5,
    0.5,
    0.5,
    0.5,
    0.5,
    0.5,
    0.5,
    0.5,
    0.5,
    0.5,
    0.5,
    0.5,
    0.5,
    0.5,
    0.5,
    0.5,
    0.5,
    0.5,
    0.5,
    0.5,
    0.5,
    0.5,
    0.5
  ],
  "gate_perp": [
    0.11832260340452194,
    0.11440692842006683,
    0.1158817932009697,
    0.11944234371185303,
    0.12352243065834045,
    0.12590721249580383,
    0.12975773215293884,
    0.13207577168941498,
    0.13442808389663696,
    0.13733920454978943,
    0.13912153244018555,
    0.14191699028015137,
    0.14384502172470093,
    0.14567144215106964,
    0.1473909467458725,
    0.14909832179546356,
    0.1503063142299652,
    0.15186548233032227,
    0.15342465043067932,
    0.15471723675727844,
    0.15567955374717712,
    0.15647123754024506,
    0.15651777386665344,
    0.15770305693149567,
    0.1579836755990982
  ],
  "gate_sem": [
    0.5,
    0.5,
    0.5,
    0.5,
    0.5,
    0.5,
    0.5,
    0.5,
    0.5,
    0.5,
    0.5,
    0.5,
    0.5,
    0.5,
    0.5,
    0.5,
    0.5,
    0.5,
    0.5,
    0.5,
    0.5,
    0.5,
    0.5,
    0.5,
    0.5
  ],
  "lr": [
    6.587390436103396e-05,
    0.0001859588249330918,
    0.0003343483937034656,
    0.00045431586995592875,
    0.0004999999972064964,
    0.0004993884052007874,
    0.0004975618228252746,
    0.0004945291490056838,
    0.0004903051586240209,
    0.00048491043053683136,
    0.0004783712473170798,
    0.0004707194672080963,
    0.00046199236891341787,
    0.00045223246997869106,
    0.00044148731965046437,
    0.00042980926722103807,
    0.0004172552069879748,
    0.0004038863010708002,
    0.00038976768143530495,
    0.00037496813257715465,
    0.0003595597564107407,
    0.00034361762099590124,
    0.0003272193948138797,
    0.00031044496837429075,
    0.00029337606499658876
  ]
}