{
  "train_loss": [
    0.7315224288870849,
    0.6047389159386761,
    0.5587208851724224,
    0.546570972823278,
    0.5399679798680825,
    0.5348032778168953,
    0.5313688309407542,
    0.528833571165928,
    0.5266345327504203,
    0.5247958606916436,
    0.523302746944673,
    0.5222292227806451,
    0.5215755938972014,
    0.5200065655769708,
    0.5190239739264542,
    0.5184976865293642,
    0.5177771841763427,
    0.5166921674437789,
    0.5175898650685093,
    0.5161827678588327,
    0.5165663103177313,
    0.5162328525162562,
    0.5169344752899055
  ],
  "val_loss": [
    0.6973268833160401,
    0.6836128046035767,
    0.6644554649353027,
    0.6697667569160461,
    0.6747910913467408,
    0.6591489530563355,
    0.6559672439575195,
    0.6537422154426574,
    0.6482092554092407,
    0.6518289432525635,
    0.6405278888702393,
    0.6426447180747986,
    0.6419780967712402,
    0.6406334448814393,
    0.6379730962753296,
    0.6362399806976319,
    0.6330189586639404,
    0.6368589591026306,
    0.6334100790023803,
    0.6377170412063599,
    0.6366501728057862,
    0.6363492540359497,
    0.6360500388145447
  ],
  "train_loss_primary": [
    0.7319239904952152,
    0.5816059427199958,
    0.5212847087772108,
    0.5053482294850083,
    0.49664172696453307,
    0.4898704406785351,
    0.48526013409119306,
    0.48163420703789706,
    0.4787327039651093,
    0.4763491029647287,
    0.474219833832442,
    0.47287815195296456,
    0.47190697241750396,
    0.46985167738194117,
    0.46847010285557594,
    0.46787890408172117,
    0.466836185542299,
    0.46538561697681574,
    0.4666759697920263,
    0.4645410190324415,
    0.4651737926855619,
    0.4647534081608441,
    0.46578622657342017
  ],
  "val_loss_primary": [
    0.6740951899528503,
    0.6551603148460389,
    0.6274085466384888,
    0.6342955333709717,
    0.6352152133941651,
    0.6179597413063049,
    0.6134252117156982,
    0.6114213286399841,
    0.6042737358093262,
    0.6078621817588806,
    0.596029855632782,
    0.595984529876709,
    0.5957912805557251,
    0.5953502164840698,
    0.5924752240180969,
    0.5884735667228699,
    0.5833744009971619,
    0.5895280873298645,
    0.5840029510498047,
    0.5900615520477295,
    0.5883501445770264,
    0.5880547243118286,
    0.5876147602081299
  ],
  "train_loss_aux": [
    0.7305854558944702,
    0.6587158479915668,
    0.6460719515325686,
    0.6427573605156763,
    0.6410625553949708,
    0.6396465506164812,
    0.6389557803649247,
    0.6389654104801719,
    0.6384054588657592,
    0.637838280507935,
    0.6378295349972443,
    0.6373817079056998,
    0.637469034594016,
    0.6370346241754523,
    0.6369829906926134,
    0.6366081677792922,
    0.6366395039619805,
    0.6364074459403369,
    0.6363889398492969,
    0.6366801740273897,
    0.6364821730253523,
    0.6363515436905136,
    0.6362803765120936
  ],
  "val_loss_aux": [
    0.751534152507782,
    0.7500019662857056,
    0.7508982814788818,
    0.7525329257965088,
    0.7671348115921021,
    0.7552570956230164,
    0.7552319478034973,
    0.7524909261703491,
    0.7507254929542542,
    0.7544180835723877,
    0.7443566541671753,
    0.7515184575080872,
    0.7497473030090333,
    0.7462942618370056,
    0.7441347528457641,
    0.7476949064254761,
    0.7488562487602234,
    0.747297615146637,
    0.7486933598518372,
    0.7489131458282471,
    0.7493502717018128,
    0.7490364821434021,
    0.749065665435791
  ],
  "train_acc": [
    0.5907071486051502,
    0.7523638680257511,
    0.8022901019313304,
    0.8145034200643777,
    0.820463385193133,
    0.8259958422746781,
    0.8278064645922747,
    0.8310756437768241,
    0.8324503755364807,
    0.834026287553648,
    0.8353674892703863,
    0.8362811829399142,
    0.8370104613733905,
    0.8380331276824035,
    0.8394162419527897,
    0.8392485917381974,
    0.840732296137339,
    0.8418052575107297,
    0.8400784603004292,
    0.8426099785407726,
    0.841469957081545,
    0.8410005364806867,
    0.8415873122317596
  ],
  "val_acc": [
    0.6734,
    0.7122,
    0.7234,
    0.7288,
    0.7314,
    0.7382,
    0.7388,
    0.741,
    0.7456,
    0.7428,
    0.748,
    0.7484,
    0.7526,
    0.7508,
    0.7536,
    0.755,
    0.7588,
    0.754,
    0.7564,
    0.7516,
    0.7556,
    0.7558,
    0.7552
  ],
  "train_f1": [
    0.5889639035522809,
    0.7517512940767748,
    0.8013620938055565,
    0.8136303768500012,
    0.8196285512350376,
    0.8251995024542098,
    0.8270414412509325,
    0.8303470238391951,
    0.8317165011641592,
    0.8333279415863415,
    0.8346595689225618,
    0.8355791826721592,
    0.8363203839505009,
    0.837352703841858,
    0.838691007867558,
    0.8385713391012757,
    0.8400432085225079,
    0.8411523905698655,
    0.8393985604485436,
    0.8419335491656081,
    0.8407900302863122,
    0.8403048222947636,
    0.8409400528061832
  ],
  "val_f1": [
    0.6718010013506203,
    0.7064295678426988,
    0.718807325030552,
    0.7235970348076946,
    0.7263837495010018,
    0.7335431767328517,
    0.7343378968088652,
    0.737405341722844,
    0.7429041546688606,
    0.7383230634970684,
    0.7448218686524439,
    0.74487163595608,
    0.7495809377689804,
    0.7471590909090908,
    0.7505150083042862,
    0.7523315107223878,
    0.7566312534870745,
    0.7512892115811389,
    0.7541531168298299,
    0.7487556730240787,
    0.7531113226299212,
    0.7532630606591753,
    0.7526263242777861
  ],
  "gate_stylo": [
    0.49187129735946655,
    0.4597892761230469,
    0.4391254782676697,
    0.4241414964199066,
    0.411901593208313,
    0.40054410696029663,
    0.3912748396396637,
    0.3843802213668823,
    0.38076528906822205,
    0.3741919696331024,
    0.36958932876586914,
    0.3662663400173187,
    0.36152830719947815,
    0.35745006799697876,
    0.35577625036239624,
    0.3534510135650635,
    0.35176342725753784,
    0.35013559460639954,
    0.34918779134750366,
    0.34828895330429077,
    0.3475855588912964,
    0.3472558856010437,
    0.34710755944252014
  ],
  "gate_perp": [
    0.24147512018680573,
    0.265335351228714,
    0.2811432480812073,
    0.2927681803703308,
    0.30250731110572815,
    0.31158679723739624,
    0.31937533617019653,
    0.3253116309642792,
    0.32864245772361755,
    0.3341965973377228,
    0.33809882402420044,
    0.340984582901001,
    0.34509631991386414,
    0.3482814133167267,
    0.34981369972229004,
    0.3516426086425781,
    0.3531642258167267,
    0.35452723503112793,
    0.3551419675350189,
    0.35578012466430664,
    0.3564718961715698,
    0.3566986620426178,
    0.3568126857280731
  ],
  "gate_sem": [
    0.5,
    0.5,
    0.5,
    0.5,
    0.5,
    0.5,
    0.5,
    0.5,
    0.5,
    0.5,
    0.5,
    0.5,
    0.5,
    0.5,
    0.5,
    0.5,
    0.5,
    0.5,
    0.5,
    0.5,
    0.5,
    0.5,
    0.5
  ],
  "lr": [
    0.00037666745586137156,
    0.000919328032547246,
    0.0010095048559832323,
    0.0009996503992571462,
    0.00098017554298659,
    0.0009514593430965492,
    0.0009140607277536903,
    0.0008687076184653677,
    0.0008162827619154813,
    0.000757806548304384,
    0.0006944171506143092,
    0.0006273483713669226,
    0.000557905628060669,
    0.000487440544704055,
    0.0004173246439917728,
    0.00034892265217553167,
    0.00028356593621992266,
    0.00022252659025885898,
    0.00016699267573024599,
    0.00011804509711149128,
    7.663656334336381e-05,
    4.3573044434150916e-05,
    1.9498084170225198e-05
  ]
}