{
  "train_loss": [
    0.6944654301861879,
    0.5872022607852356,
    0.5668500137278049,
    0.5585402287941673,
    0.5544307552900253,
    0.5517252421991728,
    0.5487578296814537,
    0.5481410019530474,
    0.545585957533287,
    0.5452119345583293,
    0.5448075687349225,
    0.5419736331611935,
    0.5423641340763207,
    0.5420360310557567,
    0.5407734383097043,
    0.5401109399581109,
    0.538720110307669,
    0.538641880360099,
    0.5396395302686753
  ],
  "val_loss": [
    0.7009381576538086,
    0.6543710579872132,
    0.6633401353836059,
    0.6585119062423707,
    0.6516013632774353,
    0.6470187672615051,
    0.6542443453788758,
    0.6295130972862244,
    0.6494902583122253,
    0.6288224772453308,
    0.6324061155319214,
    0.6326595281600952,
    0.6197015821456909,
    0.6276895587921143,
    0.6297051134109497,
    0.6297438683509826,
    0.6256350486755371,
    0.6245307655334472,
    0.631994220161438
  ],
  "train_loss_primary": [
    0.6936183931740755,
    0.5663710366096946,
    0.5399894425904725,
    0.5289765197536419,
    0.5234897324947014,
    0.5198790147039059,
    0.515651164843643,
    0.5150082439375638,
    0.5117339774551433,
    0.5112428168668481,
    0.5107685263075206,
    0.5067699410547791,
    0.5074712290115478,
    0.5069741141489793,
    0.5052018981163711,
    0.5043459909248148,
    0.5026179899878369,
    0.5025733110736218,
    0.5039670254229478
  ],
  "val_loss_primary": [
    0.6742181914329529,
    0.6154200253486634,
    0.6231918975830079,
    0.6170184427261353,
    0.6065701302528381,
    0.604443386554718,
    0.6100574496269227,
    0.5797493220329285,
    0.6056544028282166,
    0.5774539633750916,
    0.5803369416236878,
    0.5854632564544677,
    0.5666942646980285,
    0.5757573607444764,
    0.5790591138839721,
    0.5775793416976929,
    0.5723265345573425,
    0.5711547921180725,
    0.5810365653991699
  ],
  "train_loss_aux": [
    0.6964418460521249,
    0.6358084405515128,
    0.6295246675897717,
    0.6275222070467293,
    0.6266264711253393,
    0.6260330991009828,
    0.6260067029223962,
    0.6254507674650156,
    0.6245739054118286,
    0.6244732022795993,
    0.6242319947902345,
    0.6241155721135517,
    0.6237809021161507,
    0.6238471611664178,
    0.6237736853593422,
    0.6235624869579421,
    0.6229583829066994,
    0.6228018686398704,
    0.622875369080129
  ],
  "val_loss_aux": [
    0.7632846882820129,
    0.7452568037986755,
    0.7570193466186523,
    0.7553299510955811,
    0.7566742183685303,
    0.7463613142967224,
    0.7573470837593078,
    0.7456285999298096,
    0.7517738971710205,
    0.7486823111534119,
    0.7539008378982544,
    0.74278419008255,
    0.7433852857589721,
    0.7488647075653077,
    0.7478790934562684,
    0.751461088180542,
    0.7500215489387512,
    0.7490746694564819,
    0.7508953453063965
  ],
  "train_acc": [
    0.6408173849036403,
    0.7473317050321199,
    0.7670386108137045,
    0.7732283859743041,
    0.7771764587794433,
    0.7784060492505354,
    0.7806728452890792,
    0.7813336456102784,
    0.7827974437901499,
    0.7827472564239829,
    0.7833495048179872,
    0.7864945797644539,
    0.7861432682012848,
    0.7863021948608137,
    0.7874397751605996,
    0.7874815979657388,
    0.7886275428265525,
    0.7896563838329764,
    0.788292960385439
  ],
  "val_acc": [
    0.688,
    0.7228,
    0.7236,
    0.7198,
    0.7354,
    0.728,
    0.7314,
    0.747,
    0.7372,
    0.7442,
    0.7454,
    0.7378,
    0.7504,
    0.7452,
    0.7426,
    0.7448,
    0.746,
    0.7456,
    0.7386
  ],
  "train_f1": [
    0.639731666480151,
    0.7465377761358893,
    0.7663236237852376,
    0.7725420742544911,
    0.7765679571636304,
    0.7777683809839416,
    0.7800540917419181,
    0.780741285685566,
    0.7822220781381648,
    0.7821493820656171,
    0.7827673313472097,
    0.7859323249781421,
    0.7855756558296623,
    0.7857236681630566,
    0.786850874262492,
    0.7868896140827811,
    0.7880538325285741,
    0.789108241509594,
    0.7876871727983394
  ],
  "val_f1": [
    0.6837146626151867,
    0.7208677797799037,
    0.7199086650936154,
    0.7169582495033435,
    0.732288972988868,
    0.7243159345876309,
    0.7263837495010018,
    0.745295712483196,
    0.733590427356638,
    0.741647383138466,
    0.7430218107664293,
    0.734854455725366,
    0.7482318126534817,
    0.7424139492753623,
    0.7396638139457584,
    0.7426406106016901,
    0.7438696511916072,
    0.7439281993997291,
    0.7362193799036303
  ],
  "gate_stylo": [
    0.4815737307071686,
    0.436614990234375,
    0.41329455375671387,
    0.40192434191703796,
    0.3868255019187927,
    0.375385582447052,
    0.36646050214767456,
    0.36060112714767456,
    0.34964898228645325,
    0.3434912860393524,
    0.34059011936187744,
    0.3343287408351898,
    0.33029159903526306,
    0.32710689306259155,
    0.32644686102867126,
    0.3228432238101959,
    0.32227152585983276,
    0.32089680433273315,
    0.3203613758087158
  ],
  "gate_perp": [
    0.2696160078048706,
    0.30604785680770874,
    0.32715192437171936,
    0.3386779725551605,
    0.35437047481536865,
    0.36593419313430786,
    0.37626227736473083,
    0.38392627239227295,
    0.3957701623439789,
    0.40313518047332764,
    0.40858325362205505,
    0.41539517045021057,
    0.42107123136520386,
    0.424299955368042,
    0.42627862095832825,
    0.43047672510147095,
    0.43090638518333435,
    0.4325493574142456,
    0.4329693615436554
  ],
  "gate_sem": [
    0.5,
    0.5,
    0.5,
    0.5,
    0.5,
    0.5,
    0.5,
    0.5,
    0.5,
    0.5,
    0.5,
    0.5,
    0.5,
    0.5,
    0.5,
    0.5,
    0.5,
    0.5,
    0.5
  ],
  "lr": [
    0.00048244152389214734,
    0.001178266545995254,
    0.0012947229109371897,
    0.001282111268263638,
    0.001257160490287055,
    0.001220356215519666,
    0.001172414797305576,
    0.0011142693608177676,
    0.0010470516408380218,
    0.0009720699538267216,
    0.0008907837330311366,
    0.0008047751222773475,
    0.000715718181340332,
    0.0006253463022746604,
    0.000535418470909857,
    0.0004476850301920455,
    0.00036385361174948877,
    0.00028555589878534584,
    0.0002143158672201355
  ]
}