{
  "train_loss": [
    0.7671521355124081,
    0.6343961294959574,
    0.5876466308366806,
    0.5713431345269004,
    0.5643600362188675,
    0.5585592845544458,
    0.556676344979893,
    0.5553662318915606,
    0.5525283644543612,
    0.551468707852185,
    0.5492678093718972,
    0.5475609622218393,
    0.5484606172949235,
    0.546501692125504,
    0.5458458540273861,
    0.5449683104288132,
    0.5447217793706904,
    0.544567246838687,
    0.5444196758104518,
    0.5449653104027324,
    0.5435894374222678,
    0.5449793383718174,
    0.5431193420912492,
    0.5437944793446179,
    0.5437762290717446
  ],
  "val_loss": [
    0.7152730055809021,
    0.6923054792404175,
    0.6677391916275024,
    0.6636589217185974,
    0.6654407244682312,
    0.6613802756309509,
    0.6626710388183594,
    0.6612946377754212,
    0.6545871891975403,
    0.6647858720779419,
    0.6547827243804931,
    0.6571081535339356,
    0.6552600059509277,
    0.6556105935096741,
    0.6556773896217346,
    0.6524820957183838,
    0.6524171917915345,
    0.6533060044288636,
    0.6562870743751525,
    0.6513215230941772,
    0.6522568622589111,
    0.6516118954658509,
    0.6528247314453125,
    0.6527751373291015,
    0.6527711032867431
  ],
  "train_loss_primary": [
    0.774871832929193,
    0.6255825167989986,
    0.5660536556957877,
    0.5446991021301657,
    0.5357567918491873,
    0.5280150799509038,
    0.52584349267623,
    0.523983421459555,
    0.5204601360196098,
    0.5190765320298506,
    0.5160640974095798,
    0.5137864935525598,
    0.5151231190418815,
    0.5126064068174617,
    0.5114561014953144,
    0.5103472742804869,
    0.5098719741252654,
    0.5097355147415303,
    0.5096404708005527,
    0.5104084335227701,
    0.5087070013431304,
    0.5105817585386695,
    0.5080180741248921,
    0.5086811190301722,
    0.5088552451707462
  ],
  "val_loss_primary": [
    0.7013553495407104,
    0.6618805022239685,
    0.6302418606758118,
    0.6232999527931213,
    0.6247870384216309,
    0.6226732311248779,
    0.6222138663291931,
    0.6207846683502197,
    0.6119811561584473,
    0.6262489220619202,
    0.6108209802627563,
    0.6160791505813599,
    0.6129023779869079,
    0.6131226347923279,
    0.6127349224090576,
    0.6101666094779968,
    0.6093305620193481,
    0.6102360304832458,
    0.6134142799377441,
    0.6074276222229004,
    0.6091145442008972,
    0.6078977591514587,
    0.609489155960083,
    0.6094686452865601,
    0.6094566908836365
  ],
  "train_loss_aux": [
    0.7491395060391349,
    0.6549612221233347,
    0.6380302320189655,
    0.633512537428402,
    0.6311009327358104,
    0.6298290906742933,
    0.6286196624531465,
    0.6285927817783253,
    0.6273542252453891,
    0.6270504439578337,
    0.6267431268080033,
    0.6263680470181021,
    0.6262481047826655,
    0.6255906880220627,
    0.6260886043150795,
    0.6257507168672939,
    0.6260379853733083,
    0.6258412823320073,
    0.6255711493645122,
    0.6255980192658736,
    0.6249817785732249,
    0.6252403456259539,
    0.6250222943045877,
    0.6257256495123878,
    0.6252585211539651
  ],
  "val_loss_aux": [
    0.7477475205421448,
    0.7632970984458923,
    0.7552329568862916,
    0.7578298263549804,
    0.7602993149757385,
    0.7516967128753662,
    0.7570710965156555,
    0.7558179241180419,
    0.754001245880127,
    0.7547054229736329,
    0.757360106086731,
    0.7528424791336059,
    0.7540944801330567,
    0.7547491402626038,
    0.7558764583587646,
    0.7512182239532471,
    0.7529526321411133,
    0.7538026346206665,
    0.7563235976219177,
    0.7537405827522278,
    0.7529222496032715,
    0.7536115345954895,
    0.7539410631179809,
    0.7538236015319825,
    0.7538380651473999
  ],
  "train_acc": [
    0.5733957219251337,
    0.7012366310160428,
    0.748245320855615,
    0.7632603609625669,
    0.769418449197861,
    0.7736547459893048,
    0.7758773395721925,
    0.7777991310160428,
    0.7797961229946524,
    0.7800300802139037,
    0.7828542780748663,
    0.7833723262032085,
    0.7829461898395722,
    0.7847677139037433,
    0.7853526069518717,
    0.785745320855615,
    0.786956885026738,
    0.7861547459893048,
    0.7856366978609626,
    0.7851854946524064,
    0.7875250668449197,
    0.7851102941176471,
    0.7872242647058824,
    0.7867312834224599,
    0.7853024732620321
  ],
  "val_acc": [
    0.6446,
    0.6954,
    0.7186,
    0.724,
    0.7256,
    0.7276,
    0.7278,
    0.725,
    0.7286,
    0.7258,
    0.7298,
    0.7304,
    0.7302,
    0.7304,
    0.7304,
    0.7324,
    0.7334,
    0.7332,
    0.7312,
    0.7348,
    0.7338,
    0.7344,
    0.7338,
    0.7334,
    0.7334
  ],
  "train_f1": [
    0.571990304260867,
    0.7002849299790739,
    0.7473551503639321,
    0.7623900822243819,
    0.7685701033084578,
    0.7728401105553377,
    0.7750984702016774,
    0.7770578667816924,
    0.7790761850091605,
    0.7792823225087939,
    0.782086480174506,
    0.7826834969853955,
    0.7822325851925984,
    0.7840654760535879,
    0.7846783816099305,
    0.7850411251664717,
    0.7862282860369079,
    0.7854950592196719,
    0.7849450868383377,
    0.7845212144202842,
    0.7868383318508074,
    0.7843990370568122,
    0.7865972978988298,
    0.7861329985258589,
    0.7846647472528445
  ],
  "val_f1": [
    0.642038008754739,
    0.6908740875153117,
    0.7149341789705221,
    0.7210521234725178,
    0.7214541231692512,
    0.7244332307787931,
    0.7246235993083581,
    0.7208864354502078,
    0.7252390248378657,
    0.7215600387841885,
    0.7263799574189695,
    0.7265668611368588,
    0.7265840743837247,
    0.7267994794111385,
    0.7270490798152227,
    0.728673097073709,
    0.7297763987882468,
    0.7296870124133236,
    0.7272194110667085,
    0.7312331848454108,
    0.7301309795401976,
    0.7307519692006205,
    0.7301054129985369,
    0.7296741638789441,
    0.7296741638789441
  ],
  "gate_stylo": [
    0.49405625462532043,
    0.4665709435939789,
    0.4408780634403229,
    0.4268667697906494,
    0.4166613519191742,
    0.40928736329078674,
    0.40329575538635254,
    0.39860519766807556,
    0.3933041989803314,
    0.38941124081611633,
    0.38593196868896484,
    0.3833678960800171,
    0.38109827041625977,
    0.3787935674190521,
    0.37685808539390564,
    0.3752874433994293,
    0.37392306327819824,
    0.3729541301727295,
    0.372241735458374,
    0.37152573466300964,
    0.3711417019367218,
    0.37092646956443787,
    0.3708089590072632,
    0.3707529902458191,
    0.370747834444046
  ],
  "gate_perp": [
    0.17955586314201355,
    0.1958865076303482,
    0.2120727002620697,
    0.2212400883436203,
    0.22820863127708435,
    0.2334185242652893,
    0.23777443170547485,
    0.2411244511604309,
    0.2450566291809082,
    0.247969850897789,
    0.2506338357925415,
    0.25246623158454895,
    0.2542065680027008,
    0.2560270130634308,
    0.25753870606422424,
    0.25881507992744446,
    0.2599099278450012,
    0.2606905996799469,
    0.2612304389476776,
    0.2617999315261841,
    0.2620776295661926,
    0.26222118735313416,
    0.26232635974884033,
    0.2623695135116577,
    0.2623731195926666
  ],
  "gate_sem": [
    0.5,
    0.5,
    0.5,
    0.5,
    0.5,
    0.5,
    0.5,
    0.5,
    0.5,
    0.5,
    0.5,
    0.5,
    0.5,
    0.5,
    0.5,
    0.5,
    0.5,
    0.5,
    0.5,
    0.5,
    0.5,
    0.5,
    0.5,
    0.5,
    0.5
  ],