{
  "train_loss": [
    0.7634697321650813,
    0.6618076839845237,
    0.5971585346238261,
    0.5638103947139144,
    0.5454972868813182,
    0.5346816369118986,
    0.5254217594287636,
    0.5199016830395324,
    0.5138382336695138,
    0.5098805673244934,
    0.5067513366199918
  ],
  "val_loss": [
    0.716784512424469,
    0.7715241357803345,
    0.7901462532997131,
    0.8027014852523804,
    0.7929839681148529,
    0.8004303367614746,
    0.807012878704071,
    0.7905580711364746,
    0.7799871499061585,
    0.8058091471672059,
    0.8130082695007325
  ],
  "train_loss_primary": [
    0.7683770373240273,
    0.6615365193538544,
    0.5974449724660951,
    0.5642931897839336,
    0.5460642548776541,
    0.535142256629033,
    0.5255884923822619,
    0.520125123303248,
    0.5139833598754646,
    0.5099905929677747,
    0.5068442598782974
  ],
  "val_loss_primary": [
    0.7080194562911988,
    0.7721300680160522,
    0.7927209671020508,
    0.8052459240913391,
    0.7923391138076782,
    0.8024209512710572,
    0.8071408082485199,
    0.7919585857391357,
    0.7798783076286316,
    0.8098317032814026,
    0.8157514811992645
  ],
  "train_loss_aux": [
    0.7520193581407535,
    0.6624403913730728,
    0.5964901766378823,
    0.5626838698632202,
    0.5441743600674819,
    0.5336068585291665,
    0.5250327150622578,
    0.5193803188504703,
    0.5134996044942092,
    0.5096238413765803,
    0.5065345094724691
  ],
  "val_loss_aux": [
    0.7372363379478455,
    0.770110277557373,
    0.7841385490417481,
    0.7967644410133362,
    0.7944886142253875,
    0.795785503578186,
    0.8067143769741059,
    0.7872901970863342,
    0.780241103553772,
    0.7964231768608093,
    0.8066074090480805
  ],
  "train_acc": [
    0.5525210786937902,
    0.6676759903640257,
    0.7357886108137045,
    0.7638182548179872,
    0.7768418763383298,
    0.7846292826552462,
    0.791530045503212,
    0.7946751204496788,
    0.8000535331905781,
    0.801350040149893,
    0.803608471627409
  ],
  "val_acc": [
    0.622,
    0.5972,
    0.5966,
    0.5908,
    0.5992,
    0.5872,
    0.5948,
    0.6016,
    0.6048,
    0.6048,
    0.5976
  ],
  "train_f1": [
    0.550661452701048,
    0.6670260202337012,
    0.734506167246848,
    0.7624284520559483,
    0.7754498231574003,
    0.7832315476197345,
    0.790186441136851,
    0.7933484430328699,
    0.7987081151582831,
    0.8000783316609457,
    0.8023475026533264
  ],
  "val_f1": [
    0.6168802326254577,
    0.5777922231256155,
    0.569935575624281,
    0.563705854325351,
    0.5695627788820798,
    0.5559709770239075,
    0.565712537540357,
    0.577507159896233,
    0.58038805101462,
    0.5812388920225331,
    0.565040234210701
  ],
  "gate_stylo": [
    0.5,
    0.5,
    0.5,
    0.5,
    0.5,
    0.5,
    0.5,
    0.5,
    0.5,
    0.5,
    0.5
  ],
  "gate_perp": [
    0.12000000476837158,
    0.12000000476837158,
    0.12000000476837158,
    0.12000000476837158,
    0.12000000476837158,
    0.12000000476837158,
    0.12000000476837158,
    0.12000000476837158,
    0.12000000476837158,
    0.12000000476837158,
    0.12000000476837158
  ],
  "gate_sem": [
    0.49644041061401367,
    0.48828378319740295,
    0.48093181848526,
    0.47643011808395386,
    0.47517427802085876,
    0.47348806262016296,
    0.47170770168304443,
    0.46940577030181885,
    0.46668100357055664,
    0.4654865860939026,
    0.4623104929924011
  ],
  "lr": [
    6.587390436103396e-05,
    0.0001859588249330918,
    0.0003343483937034656,
    0.00045431586995592875,
    0.0004999999972064964,
    0.0004993884052007874,
    0.0004975618228252746,
    0.0004945291490056838,
    0.0004903051586240209,
    0.00048491043053683136,
    0.0004783712473170798
  ]
}