{
  "train_loss": [
    0.6848422059400834,
    0.5930295126642136,
    0.5708321303926049,
    0.5629533787780905,
    0.5580302848216684,
    0.5555733905756537,
    0.5530960531476985,
    0.5509106908571274,
    0.5504149371608693,
    0.5491384563917783,
    0.5469227896335929,
    0.5473212046100494,
    0.5462239198187456,
    0.5453744964803604,
    0.5447701120440335,
    0.5441231479938018,
    0.544130378037213,
    0.5436468671031177,
    0.543362293587649,
    0.5427151764777892,
    0.5427820647464079
  ],
  "val_loss": [
    0.6785338839530944,
    0.6638991876602173,
    0.6629141989707947,
    0.6534263981819153,
    0.6608704403877258,
    0.6578676054954529,
    0.6498491843223572,
    0.6533750242233276,
    0.6561371770858765,
    0.6493019145011902,
    0.6527127571105957,
    0.6508022933006287,
    0.6373245424270629,
    0.6479952198028565,
    0.6343754169464111,
    0.6480936260223389,
    0.6449392119407654,
    0.6395732544898987,
    0.6398603616714478,
    0.6421958275794983,
    0.6388446731567383
  ],
  "train_loss_primary": [
    0.6662825607998486,
    0.5642514209696315,
    0.5357049422149353,
    0.5253660248881356,
    0.5188882684006411,
    0.5156047021641451,
    0.5122027208142103,
    0.5092441338587572,
    0.5085624256554772,
    0.5068324759044749,
    0.5038480784166306,
    0.5043075637383895,
    0.5027683126416436,
    0.5018078186932732,
    0.5010052744717521,
    0.5001418136657878,
    0.4999915100036458,
    0.49946630890356664,
    0.49917117395502997,
    0.49811605358506267,
    0.49827559077165984
  ],
  "val_loss_primary": [
    0.6463362086296082,
    0.6266626236915588,
    0.6287046060562134,
    0.6135583632469177,
    0.6222928598403931,
    0.6187783913612366,
    0.6090507172584534,
    0.6139861640930175,
    0.6145057846069336,
    0.6084998362541199,
    0.6131677565574646,
    0.6100768242835999,
    0.5920830796241761,
    0.60466025390625,
    0.5898522138595581,
    0.6061438934326172,
    0.6017001246452331,
    0.593915493965149,
    0.5944563028335571,
    0.5986233695983887,
    0.59399261302948
  ],
  "train_loss_aux": [
    0.728148037928311,
    0.6601783812364792,
    0.6527955569685462,
    0.6506571970521448,
    0.6493616463666294,
    0.6488336514661657,
    0.6485138188708912,
    0.6481326465938181,
    0.6480707876185045,
    0.6478523984312373,
    0.6474304422975224,
    0.6476863573579227,
    0.6476203265674612,
    0.6470300654676509,
    0.6468880575608442,
    0.6467462533935506,
    0.6471210586833444,
    0.6467348255575659,
    0.6464748935903457,
    0.6467797867117081,
    0.6466304951810582
  ],
  "val_loss_aux": [
    0.7536618046760559,
    0.750784499168396,
    0.7427366053581238,
    0.7464517601966858,
    0.7508848006248474,
    0.7490757651329041,
    0.7450456038475036,
    0.7452823495864869,
    0.7532770910263061,
    0.7445067521095275,
    0.7449844357490539,
    0.745828386592865,
    0.7428879368782043,
    0.7491101428985596,
    0.7382628789901733,
    0.7459763116836547,
    0.7458303753852844,
    0.7461080097198486,
    0.7458031479835511,
    0.7438648880004883,
    0.7434994561195374
  ],
  "train_acc": [
    0.682144050802139,
    0.7845421122994652,
    0.8097175802139037,
    0.818942179144385,
    0.8247159090909091,
    0.82733121657754,
    0.8303058155080214,
    0.8327205882352942,
    0.8328793449197861,
    0.8339906417112299,
    0.8367563502673797,
    0.8356784759358289,
    0.8372326203208557,
    0.8376169786096257,
    0.8395220588235294,
    0.8392463235294118,
    0.8397476604278075,
    0.8390123663101604,
    0.8393883689839572,
    0.8406333556149732,
    0.8408004679144385
  ],
  "val_acc": [
    0.7182,
    0.7326,
    0.7374,
    0.75,
    0.7418,
    0.7516,
    0.753,
    0.753,
    0.7544,
    0.7538,
    0.7544,
    0.7532,
    0.7662,
    0.7612,
    0.7696,
    0.7598,
    0.7606,
    0.7634,
    0.7668,
    0.7632,
    0.7632
  ],
  "train_f1": [
    0.6816053069454957,
    0.783659105500905,
    0.8089119342769219,
    0.8181403170303274,
    0.8239720379780259,
    0.8266466111271633,
    0.8296290462716007,
    0.8320429297825533,
    0.8322266059322442,
    0.8333174175380746,
    0.8361032254548428,
    0.8350316538553046,
    0.8365652035367915,
    0.8369876810803404,
    0.8389098449878691,
    0.8386388843737029,
    0.8391274582524515,
    0.8383916729041712,
    0.8387442366135518,
    0.8400209062382984,
    0.8401936268191692
  ],
  "val_f1": [
    0.7147102328640772,
    0.7303473324009845,
    0.7340520234752056,
    0.7477328651685846,
    0.7385318468008064,
    0.7492699759153827,
    0.7509007810985046,
    0.7498962221206686,
    0.7521346695131619,
    0.7509701341779391,
    0.7506396863680809,
    0.749786527760475,
    0.7642650022740664,
    0.7580780063488111,
    0.7676332478094592,
    0.7567376086776252,
    0.7579105900101168,
    0.7613714569359796,
    0.76436767114748,
    0.76050908002314,
    0.7610525698876833
  ],
  "gate_stylo": [
    0.4881536364555359,
    0.4599786698818207,
    0.44072750210762024,
    0.4261482059955597,
    0.41500863432884216,
    0.4049527049064636,
    0.3978517949581146,
    0.3903310000896454,
    0.38524875044822693,
    0.37983620166778564,
    0.375732421875,
    0.371303528547287,
    0.3683043122291565,
    0.3652060031890869,
    0.3617706596851349,
    0.3601536452770233,
    0.3593742549419403,
    0.3581577241420746,
    0.35722124576568604,
    0.35642150044441223,
    0.35618719458580017
  ],
  "gate_perp": [
    0.3327544629573822,
    0.3575490415096283,
    0.375200092792511,
    0.38913965225219727,
    0.40015554428100586,
    0.410357803106308,
    0.4178236126899719,
    0.42558902502059937,
    0.4310990571975708,
    0.43709006905555725,
    0.44161784648895264,
    0.4464074671268463,
    0.4495764672756195,
    0.45295450091362,
    0.4565730690956116,
    0.4582686722278595,
    0.45907190442085266,
    0.4602721035480499,
    0.4612663984298706,
    0.46206092834472656,
    0.46229299902915955
  ],
  "gate_sem": [
    0.5,
    0.5,
    0.5,
    0.5,
    0.5,
    0.5,
    0.5,
    0.5,
    0.5,
    0.5,
    0.5,
    0.5,
    0.5,
    0.5,
    0.5,
    0.5,
    0.5,
    0.5,
    0.5,
    0.5,
    0.5
  ],
  "lr": [
    0.0001598960054785482,
    0.0003906419514270397,
    0.000429397572940259,
    0.00042521936132804367,
    0.0004169487407098617,
    0.0004047466893083545,
    0.00038885070617442475,
    0.00036957018853836146,
    0.0003472804097446869,
    0.0003224152149833725,
    0.0002954585769867071,
    0.00026693517605057477,
    0.0002374001877293096,
    0.0002074284769750338,
    0.00017760340904526348,
    0.0001485054949617399,
    0.00012070109252371202,
    9.473138279759711e-05,
    7.110183664310695e-05,
    5.027237629792841e-05,
    3.2648423514520284e-05
  ]
}