{
  "train_loss": [
    0.6126071167502174,
    0.542462707936445,
    0.5290144087477802,
    0.5228394464056759,
    0.5207218455120841,
    0.5177951790432241,
    0.5164467520254818,
    0.5136458363443772,
    0.5125438895773761,
    0.5111940123180655,
    0.5102970515024216
  ],
  "val_loss": [
    0.6903913441658021,
    0.6662111826896667,
    0.6350073945045471,
    0.6444402724266052,
    0.5955527449607849,
    0.6423240950584411,
    0.6296713273048401,
    0.6129323652267457,
    0.6212300510406494,
    0.6156972910881042,
    0.6111719882965088
  ],
  "train_loss_primary": [
    0.596707445638065,
    0.5091113100077379,
    0.49156158231796426,
    0.48314219831145383,
    0.4801888358784232,
    0.4764990054031107,
    0.4743711039344257,
    0.47081513360222393,
    0.4693668974912103,
    0.4674110902184471,
    0.46630287297906725
  ],
  "val_loss_primary": [
    0.6591382698059082,
    0.6297544882774353,
    0.5869677017211914,
    0.5992266406059266,
    0.5334125476837158,
    0.5959714802742004,
    0.5758318654060364,
    0.5506022947311401,
    0.5629160713195801,
    0.5552637769699097,
    0.5545254594802856
  ],
  "train_loss_aux": [
    0.649706343979759,
    0.6202826300406838,
    0.6164043320691521,
    0.6154663520700792,
    0.6152988628907637,
    0.6141529082614471,
    0.6146232597968158,
    0.6135841385247236,
    0.613290197390286,
    0.6133541552459493,
    0.6129501286037465
  ],
  "val_loss_aux": [
    0.7633151969909668,
    0.7512768013954163,
    0.7471000146865845,
    0.7499387606620789,
    0.740546527004242,
    0.7504802007675171,
    0.7552967378616333,
    0.7583691796302795,
    0.7572960192680359,
    0.7567088228225708,
    0.7433471941947937
  ],
  "train_acc": [
    0.7097175802139037,
    0.7718499331550802,
    0.7837650401069519,
    0.7870070187165775,
    0.7882520053475935,
    0.7896223262032086,
    0.7913686497326203,
    0.7930982620320856,
    0.7921624331550802,
    0.7952540106951872,
    0.795345922459893
  ],
  "val_acc": [
    0.6946,
    0.7096,
    0.7302,
    0.73,
    0.753,
    0.7272,
    0.7446,
    0.75,
    0.742,
    0.7486,
    0.751
  ],
  "train_f1": [
    0.7088264196051579,
    0.7710557115928072,
    0.7830846066646002,
    0.7863519456824382,
    0.7876424522143632,
    0.7890325255028972,
    0.7906987121108023,
    0.7924762878698268,
    0.7915410841977379,
    0.794671599141175,
    0.7947252303940738
  ],
  "val_f1": [
    0.6838256770074926,
    0.7020485271840089,
    0.7269075869445064,
    0.7227967516214542,
    0.7529678957077262,
    0.720817485700288,
    0.741664387770291,
    0.7470274306454452,
    0.7400048596921109,
    0.7462909533732021,
    0.7489938686359311
  ],
  "gate_stylo": [
    0.45781147480010986,
    0.4169612526893616,
    0.38967064023017883,
    0.3654024302959442,
    0.35292404890060425,
    0.33957383036613464,
    0.3323884904384613,
    0.320865660905838,
    0.31269970536231995,
    0.3083609342575073,
    0.30065786838531494
  ],
  "gate_perp": [
    0.3877486288547516,
    0.4330746829509735,
    0.4680752754211426,
    0.49540701508522034,
    0.5092143416404724,
    0.5259175300598145,
    0.5362445116043091,
    0.548585832118988,
    0.5601500868797302,
    0.5614280700683594,
    0.5712122917175293
  ],
  "gate_sem": [
    0.5,
    0.5,
    0.5,
    0.5,
    0.5,
    0.5,
    0.5,
    0.5,
    0.5,
    0.5,
    0.5
  ],
  "lr": [
    0.0011384272569983762,
    0.002781291777118481,
    0.0030572239729260917,
    0.0030274759503246687,
    0.0029685908023445694,
    0.0028817146614103627,
    0.0027685384727851882,
    0.002631265082244628,
    0.0024725663601893864,
    0.0022955311967271493,
    0.0021036053799401927
  ]
}