{
  "train_loss": [
    0.741508367995889,
    0.6029016141973165,
    0.5272655635753076,
    0.4836214387059467,
    0.4629647668602635,
    0.4509589923525775,
    0.44195478809977495,
    0.43500965099773775,
    0.4284995399271906,
    0.42416049102899606,
    0.42013687093201746,
    0.41744192739115027,
    0.41503706989247485,
    0.41182170881704294,
    0.41069562998011994,
    0.40827363250852905,
    0.40576390746574076,
    0.4047419813000926,
    0.40424898656073166,
    0.4024865042091182,
    0.40013765950529684,
    0.399825966907007,
    0.397589771152819,
    0.3969363544686703,
    0.39572172827332636,
    0.39509510132434283,
    0.39435450876295186,
    0.3950404196786166,
    0.394306232957309
  ],
  "val_loss": [
    0.7361238037109376,
    0.7801450615882873,
    0.7330112403869629,
    0.7261939885139466,
    0.7024194787979126,
    0.716278300857544,
    0.7082691321372986,
    0.7035092251777649,
    0.6917944616317749,
    0.702191840171814,
    0.7092940196037293,
    0.6914430170059204,
    0.7067682035446167,
    0.6887615400314331,
    0.6812122108459473,
    0.7023874257087708,
    0.6960719478607178,
    0.6818829957962036,
    0.687616570854187,
    0.6863989098548889,
    0.6861115744590759,
    0.7001542133331299,
    0.7017780251502991,
    0.6892353608131409,
    0.7085469159126282,
    0.712025075340271,
    0.7105200061798096,
    0.6985387014389038,
    0.6980714587211609
  ],
  "train_loss_primary": [
    0.744734096833419,
    0.5975673492256017,
    0.5180403213046603,
    0.47005938200930203,
    0.4481239505191942,
    0.4351147370496705,
    0.4258245180582336,
    0.4185200174053936,
    0.41144274803759967,
    0.40708876568704394,
    0.4024025231791257,
    0.39965083556971664,
    0.3972259542288566,
    0.3937079006650463,
    0.3928276615045821,
    0.38985117114841045,
    0.38746393594803086,
    0.3864203325813792,
    0.38598439199510937,
    0.38437437290042575,
    0.3812035288366567,
    0.3811850697121222,
    0.3788447970368877,
    0.37798214501180794,
    0.3767539297870701,
    0.37622779907710546,
    0.37588604576327306,
    0.37637216484521135,
    0.37561032661023436
  ],
  "val_loss_primary": [
    0.73543075466156,
    0.7698347286224365,
    0.7011233487129211,
    0.6876336985588074,
    0.6571090223312378,
    0.6735951930046081,
    0.6603054709434509,
    0.6609051663398743,
    0.6433627935409546,
    0.6555793735504151,
    0.660183718585968,
    0.6382022259712219,
    0.6607931468963623,
    0.6343115258216858,
    0.6270537329673767,
    0.6459529616355896,
    0.645191549873352,
    0.6302548243522644,
    0.6307726711273194,
    0.6305753591537475,
    0.6315701740264893,
    0.6499080337524414,
    0.6532039998054504,
    0.635744782447815,
    0.6551590404510498,
    0.6597484904289246,
    0.659987089920044,
    0.646999649810791,
    0.6483231171607972
  ],
  "train_loss_aux": [
    0.7339816639714374,
    0.6153482290611022,
    0.5487911266611781,
    0.5152662399621796,
    0.49759333617426854,
    0.48792891986109715,
    0.4795920756312458,
    0.4734854603094513,
    0.46829871466379347,
    0.4639945128489868,
    0.4615170096687382,
    0.4589544697415395,
    0.45659633641324665,
    0.45408725847013504,
    0.45238755206224496,
    0.45125937302311686,
    0.4484638393691061,
    0.44749249419002,
    0.4468663704344241,
    0.44474814120656164,
    0.44431729190354685,
    0.4433213903766117,
    0.4413280370914451,
    0.44116283988288946,
    0.4399799180617935,
    0.4391187994842611,
    0.43744758562817054,
    0.4385996783826285,
    0.43793000711618707
  ],
  "val_loss_aux": [
    0.7377408791542053,
    0.8042025433540344,
    0.8074163319587707,
    0.8161680228233338,
    0.8081438399314881,
    0.8158721755027771,
    0.8201843420028686,
    0.8029186851501465,
    0.8048016473770142,
    0.810954225730896,
    0.8238847091674805,
    0.8156715407371521,
    0.8140433429718018,
    0.8158115310668945,
    0.8075819682121277,
    0.8340678084373474,
    0.8147928942680359,
    0.8023486989974976,
    0.820252338027954,
    0.8166538722038269,
    0.8133748331069947,
    0.8173952459335327,
    0.8151173885345459,
    0.8140467484474182,
    0.8331186116218567,
    0.8340037515640258,
    0.8284301537513733,
    0.8187964672088623,
    0.8141508847236634
  ],
  "train_acc": [
    0.5940260305139187,
    0.7347597698072805,
    0.7992588998929336,
    0.8326418629550322,
    0.8450214132762313,
    0.8540467746252677,
    0.8584632628479657,
    0.8635154577087795,
    0.8684087259100642,
    0.8701736482869379,
    0.8729172243040685,
    0.8742639186295503,
    0.8760873929336188,
    0.8786051258029979,
    0.8787807815845824,
    0.8802947671306209,
    0.8825281049250535,
    0.8827288543897216,
    0.8815661804068522,
    0.8835067585653105,
    0.8856146279443254,
    0.8866601980728052,
    0.8867020208779444,
    0.8871453426124197,
    0.8882494646680942,
    0.8884251204496788,
    0.8892699411134903,
    0.8894205032119914,
    0.8888182548179872
  ],
  "val_acc": [
    0.6392,
    0.6552,
    0.6976,
    0.7046,
    0.7168,
    0.7096,
    0.7212,
    0.7166,
    0.7328,
    0.7226,
    0.7256,
    0.7296,
    0.718,
    0.7334,
    0.7344,
    0.7312,
    0.727,
    0.7334,
    0.7372,
    0.7346,
    0.7356,
    0.7286,
    0.7258,
    0.7362,
    0.7328,
    0.7274,
    0.725,
    0.7298,
    0.7348
  ],
  "train_f1": [
    0.5915054752192066,
    0.7340660666593207,
    0.7982868871265669,
    0.8317818834499314,
    0.8442291616815418,
    0.8533039993348865,
    0.8577500942363718,
    0.8628526611298972,
    0.8677827583730453,
    0.8695556236421316,
    0.8722932005332291,
    0.8736287096565987,
    0.87548666635122,
    0.8780138958078675,
    0.8781808165872318,
    0.8797321358133912,
    0.8819413820008131,
    0.8821548082955881,
    0.8810026640304061,
    0.8829413173535585,
    0.8850655779008733,
    0.8861176212013551,
    0.8861700278561448,
    0.8866113846544079,
    0.8877194348590111,
    0.8879198527603678,
    0.8887608138001529,
    0.8888885589360425,
    0.8883045076568337
  ],
  "val_f1": [
    0.6314730813557083,
    0.641424982112847,
    0.6871457111401453,
    0.6959150291474812,
    0.7100660639862902,
    0.7008315399708842,
    0.7144273592520209,
    0.709173441365651,
    0.7269149516680345,
    0.7147588227234927,
    0.7176694012401803,
    0.722422785902888,
    0.707984136207134,
    0.7260497954744907,
    0.7283197525942191,
    0.7230053915022011,
    0.718577300012061,
    0.7266976535076541,
    0.7308837776741182,
    0.7278928303759364,
    0.7285101623451727,
    0.7193232865824245,
    0.7168903233112507,
    0.7293578969939029,
    0.7250014367439906,
    0.71950206451008,
    0.7148128290671061,
    0.7216610919909061,
    0.7272103817721565
  ],
  "gate_stylo": [
    0.5002328753471375,
    0.49286723136901855,
    0.4824169874191284,
    0.47309550642967224,
    0.4640653133392334,
    0.45603227615356445,
    0.4467736482620239,
    0.4395540654659271,
    0.4316228926181793,
    0.42439067363739014,
    0.4182983934879303,
    0.41271865367889404,
    0.40725740790367126,
    0.40247154235839844,
    0.3982725441455841,
    0.39445462822914124,
    0.39162677526474,
    0.38781633973121643,
    0.38391953706741333,
    0.380829393863678,
    0.37799346446990967,
    0.376282274723053,
    0.3728402256965637,
    0.37038061022758484,
    0.36826521158218384,
    0.36679956316947937,
    0.3653789460659027,
    0.36310964822769165,
    0.36175110936164856
  ],