{
  "train_loss": [
    0.7981079477688362,
    0.6490788017881328,
    0.6109945157478596,
    0.5991218701518816,
    0.5939879771964304,
    0.5894257816775091,
    0.5880786319231165,
    0.5851905063308519,
    0.5838440235318809,
    0.582604965259289,
    0.5816216489364361,
    0.5798894973664448,
    0.579743341125291,
    0.5787869373272205,
    0.5784364445456143,
    0.5783153690140823,
    0.5782806441701692,
    0.5771896099222118,
    0.5772853647840435,
    0.5774928012798572,
    0.5769547866336231,
    0.5766384591316355,
    0.5771928177825336
  ],
  "val_loss": [
    0.6918418206214905,
    0.6723372621536254,
    0.6749561738014221,
    0.6591428023338318,
    0.6631975011825562,
    0.6620852260589599,
    0.6599023968696595,
    0.6667018566131592,
    0.6497774712562561,
    0.6561474743843079,
    0.6472900865554809,
    0.6570432660102844,
    0.6504534334182739,
    0.6540547825813293,
    0.6561076384544372,
    0.6508553722381591,
    0.6440170607566833,
    0.6573330523490906,
    0.6516316967010498,
    0.6497519137382507,
    0.653114996623993,
    0.6502806418418884,
    0.6499790292739868
  ],
  "train_loss_primary": [
    0.7995972273678615,
    0.6382505719004006,
    0.5906278182720316,
    0.5754261237793955,
    0.5687251034481772,
    0.5625704074728077,
    0.5610199015716026,
    0.557115703307349,
    0.5554494184666666,
    0.553755855765836,
    0.5524411129540411,
    0.5501954483574835,
    0.5499024678920877,
    0.5488498144108673,
    0.5481960557658097,
    0.5479878125519588,
    0.5481122223467663,
    0.5466763947544426,
    0.5469256141062441,
    0.5471549116331955,
    0.5464755014098924,
    0.5459747597061354,
    0.5468028275103405
  ],
  "val_loss_primary": [
    0.666729736995697,
    0.6352345558166503,
    0.6411581995964051,
    0.622839590549469,
    0.6250209874153138,
    0.6251497456550598,
    0.621468844127655,
    0.6299385172843933,
    0.6087431240081788,
    0.6165402613639831,
    0.6057192852020263,
    0.6175078646659851,
    0.609670938873291,
    0.6124248169898987,
    0.6171195315361023,
    0.609269846534729,
    0.5999089838027954,
    0.6172114880561829,
    0.6103948900222779,
    0.6079256006240845,
    0.6130092974662781,
    0.6088959342002869,
    0.608016325378418
  ],
  "train_loss_aux": [
    0.7946329589547783,
    0.6743446737527847,
    0.6585167944431305,
    0.6544119345730749,
    0.6529346776419672,
    0.6520883050458185,
    0.6512156534811546,
    0.6506983673778074,
    0.6500980956801052,
    0.649919547911348,
    0.6497095550956398,
    0.6491756038419132,
    0.6493720345456024,
    0.6486402143692148,
    0.6489973484442152,
    0.6490796413914911,
    0.6486736263694435,
    0.648387106328175,
    0.6481247672746921,
    0.648281188360576,
    0.6480731126563303,
    0.6481870849584711,
    0.6481027844650992
  ],
  "val_loss_aux": [
    0.750436706829071,
    0.7589101830482483,
    0.7538180872917175,
    0.7438502388000489,
    0.75227605676651,
    0.7482679971694947,
    0.7495806901931763,
    0.7524829599380494,
    0.7455243537902833,
    0.748564297580719,
    0.7442885498046875,
    0.7492925159454346,
    0.7456125971794129,
    0.7511914041519165,
    0.7470798618316651,
    0.7478882583618164,
    0.7469358346939087,
    0.7509500763893128,
    0.7478509592056275,
    0.7473467319488526,
    0.7466949295043945,
    0.7468449604034424,
    0.74789196434021
  ],
  "train_acc": [
    0.5428003771551724,
    0.7066860856681034,
    0.7598498114224138,
    0.7752306707974138,
    0.7821676320043104,
    0.7860317887931034,
    0.7882374730603449,
    0.792547817887931,
    0.7925646551724138,
    0.7936422413793104,
    0.7942483836206896,
    0.7970433728448276,
    0.7967908135775862,
    0.7986597521551724,
    0.7978852370689655,
    0.7981377963362069,
    0.7988112877155172,
    0.7996784078663793,
    0.7990806842672413,
    0.7994342672413793,
    0.7999562230603449,
    0.8002424568965517,
    0.7987860317887931
  ],
  "val_acc": [
    0.6766,
    0.7192,
    0.7178,
    0.7376,
    0.7426,
    0.7414,
    0.7464,
    0.7364,
    0.7532,
    0.7426,
    0.7558,
    0.7444,
    0.751,
    0.747,
    0.745,
    0.7504,
    0.7594,
    0.7448,
    0.748,
    0.7502,
    0.7472,
    0.7494,
    0.7498
  ],
  "train_f1": [
    0.5377318805923205,
    0.7058425279876201,
    0.7588751584173077,
    0.7743570715720727,
    0.7813668078362199,
    0.7851963247499285,
    0.7874893092758817,
    0.7918466693531574,
    0.7918557868693201,
    0.7929263991659572,
    0.793547303167872,
    0.7963653818602162,
    0.7960732778596482,
    0.7979985330828823,
    0.7971556201281387,
    0.7974395597091012,
    0.7981536839013328,
    0.7990338679216212,
    0.7984667686712827,
    0.7988082343182075,
    0.7992848285543506,
    0.7995895309904939,
    0.798097826456315
  ],
  "val_f1": [
    0.6763710130740106,
    0.7169681694823631,
    0.7136908800582309,
    0.7354186217859211,
    0.7400104941218737,
    0.7385833823379978,
    0.7439204948263862,
    0.7315802550598547,
    0.7510374515531792,
    0.7393890120170623,
    0.7539547690276087,
    0.7410821647184214,
    0.7488276099988803,
    0.7441359499346263,
    0.7427559157968084,
    0.7481364925843149,
    0.7580243295976554,
    0.7417656012028704,
    0.7453924520743725,
    0.7478861902147627,
    0.7444142792183412,
    0.7470591743050556,
    0.7474824851550586
  ],
  "gate_stylo": [
    0.4919949769973755,
    0.46247538924217224,
    0.43920770287513733,
    0.4218883216381073,
    0.4114595353603363,
    0.3984241485595703,
    0.38789820671081543,
    0.37918156385421753,
    0.3720596134662628,
    0.3669474422931671,
    0.359998881816864,
    0.35421261191368103,
    0.3530336320400238,
    0.3487018644809723,
    0.34851232171058655,
    0.3443601131439209,
    0.34267619252204895,
    0.34099942445755005,
    0.34029239416122437,
    0.33919039368629456,
    0.3385745882987976,
    0.33828499913215637,
    0.3382401764392853
  ],
  "gate_perp": [
    0.1896945983171463,
    0.21058830618858337,
    0.22760677337646484,
    0.24051058292388916,
    0.24925489723682404,
    0.25954943895339966,
    0.2687343657016754,
    0.2762448191642761,
    0.2834247350692749,
    0.2880241274833679,
    0.29532915353775024,
    0.3012228310108185,
    0.3038199543952942,
    0.3073073625564575,
    0.30797210335731506,
    0.3124670386314392,
    0.3147062659263611,
    0.3163059651851654,
    0.31655552983283997,
    0.3175562918186188,
    0.3183421790599823,
    0.31862327456474304,
    0.31863924860954285
  ],
  "gate_sem": [
    0.5,
    0.5,
    0.5,
    0.5,
    0.5,
    0.5,
    0.5,
    0.5,
    0.5,
    0.5,
    0.5,
    0.5,
    0.5,
    0.5,
    0.5,
    0.5,
    0.5,
    0.5,
    0.5,
    0.5,
    0.5,
    0.5,
    0.5
  ],
  "lr": [
    0.0008973615606726192,
    0.0021872589704269012,
    0.002398530318488774,
    0.002375015891734354,
    0.002328646363629109,
    0.002260324264293051,
    0.0021713794056745198,
    0.0020635429982732477,
    0.0019389139550972055,
    0.0017999180387083798,
    0.0016492606465137666,
    0.0014898741532821914,
    0.0013248608358049575,
    0.0011574324906068923,
    0.0009908479199803564,
    0.0008283495031054553,
    0.0006731000868274489,
    0.0005281214244405948,
    0.0003962353606974695,
    0.00028000890781065824,
    0.000181704281479973,
    0.00010323486943708451,
    4.612798952977497e-05
  ]
}