{
  "train_loss": [
    0.7489547684820612,
    0.6519778952864048,
    0.6045712066666727,
    0.572846240736943,
    0.5619745576151944,
    0.554901178631078,
    0.5510001121292277,
    0.547811435938392,
    0.5452679011500111,
    0.5435471947621993,
    0.5407810416670887,
    0.5394919787152677,
    0.5388469562030196,
    0.5367483477520993,
    0.5368783704346202,
    0.5357770655599345,
    0.5345867646327621,
    0.5344265568562697,
    0.5344121585055643,
    0.5345967390935478,
    0.5314360910615779,
    0.5313734241803146,
    0.5311812877144497,
    0.5314023617248208,
    0.5303150597935825,
    0.5307046635120277,
    0.530411286451066,
    0.5313962988348028,
    0.5297422142304496,
    0.5293913300466231,
    0.5298921158278014,
    0.528871041485278,
    0.5301510258328481,
    0.5284388575232258,
    0.5287839996227616,
    0.5283505110592607,
    0.5288510619317693,
    0.5279404113200798,
    0.5283684281899536,
    0.5274654228631128
  ],
  "val_loss": [
    0.7693684126853942,
    0.7300179075241089,
    0.6711420804023742,
    0.6579302510261535,
    0.6457668540000916,
    0.6569071287155152,
    0.6464613913536071,
    0.6469085137367249,
    0.6437512329101562,
    0.6371536935806275,
    0.6420218894004822,
    0.6378854588508606,
    0.6379085255622864,
    0.6388238935470582,
    0.6319185463905335,
    0.6363024192810058,
    0.6424276992797852,
    0.6307839124679565,
    0.6355619612693787,
    0.6346712650299072,
    0.6320205149650574,
    0.6353708026885986,
    0.6390512086868286,
    0.6329560387611389,
    0.6350721879959107,
    0.6422053804397583,
    0.6442181057929993,
    0.631622406578064,
    0.6376425704956055,
    0.6290755463600158,
    0.636519347858429,
    0.6373586627960205,
    0.6345113186836243,
    0.6350760967254638,
    0.6370644901275635,
    0.6353145511627197,
    0.6321443837165832,
    0.6377130193710328,
    0.6347326976776123,
    0.6338814804077149
  ],
  "train_loss_primary": [
    0.7564526977579905,
    0.6472953529888864,
    0.5866177024626885,
    0.5439709847438003,
    0.5297193913311723,
    0.5205127125889126,
    0.5152867094352362,
    0.5110154384208696,
    0.5072376287085596,
    0.5054420779042377,
    0.5015149460487244,
    0.4996676231221928,
    0.4988861963376243,
    0.49578731690535455,
    0.4961490976350976,
    0.49492222466356495,
    0.49310552365519505,
    0.4928938560746211,
    0.4929242130265246,
    0.493160297515816,
    0.48875934868348997,
    0.4885669540159197,
    0.4881627007648827,
    0.4888339847390095,
    0.48730767870868297,
    0.48783574669723595,
    0.4876747522543023,
    0.4887819159337234,
    0.486727584416657,
    0.48609063456860035,
    0.4869453355638067,
    0.4854639805614055,
    0.4871250032995702,
    0.484783492200635,
    0.4853499211386899,
    0.48470856743910584,
    0.4853989693158699,
    0.4842114878670817,
    0.484728837485487,
    0.4835347475791131
  ],
  "val_loss_primary": [
    0.776829701423645,
    0.7134868814468384,
    0.6316642923355102,
    0.6151136421203613,
    0.6013952321052551,
    0.6155336415290833,
    0.6002690011978149,
    0.6003230439186096,
    0.5969212242126465,
    0.5898383027076721,
    0.5968195896148681,
    0.5879588801383973,
    0.592035114479065,
    0.5908071186065674,
    0.5811343606948852,
    0.5859261346817016,
    0.5935012776374817,
    0.5808873067855835,
    0.5866017016410827,
    0.5847048727035522,
    0.5821074482917785,
    0.5858800071716309,
    0.5919286027908325,
    0.5834757645606995,
    0.5867995646476746,
    0.59444434299469,
    0.5966336866378784,
    0.5814342469215393,
    0.5876945035934448,
    0.57763918466568,
    0.5870205685615539,
    0.5861307034492492,
    0.5849112199783325,
    0.5863568325042725,
    0.5880266907691956,
    0.5844895126342774,
    0.5812800937652588,
    0.5899285152435303,
    0.5853627199172974,
    0.5839737525939941
  ],
  "train_loss_aux": [
    0.7314595982145191,
    0.6629038223362581,
    0.6464627086478076,
    0.6402218248655249,
    0.6372366049815552,
    0.6351409248162133,
    0.6343313732545433,
    0.6336687508436035,
    0.6340051954512422,
    0.6324591229508214,
    0.6324019241894593,
    0.6324154719295543,
    0.6320887214366578,
    0.6323240801404835,
    0.6319133358542873,
    0.631105019270225,
    0.631376315618225,
    0.6313361863763225,
    0.6312173562846296,
    0.6312817603158236,
    0.6310151445278519,
    0.631255180600879,
    0.6315579872570405,
    0.630728560545715,
    0.6306656077025534,
    0.6307321240610944,
    0.6301298571602946,
    0.6308298510453431,
    0.6301096746702011,
    0.6304262783338477,
    0.6301012626296703,
    0.6301541766211614,
    0.6305450701356189,
    0.6303013647393956,
    0.6301301798167014,
    0.6301817033735027,
    0.6302392669101854,
    0.6299745614064072,
    0.6301941283254603,
    0.6299703218186438
  ],
  "val_loss_aux": [
    0.7519587780952454,
    0.7685903063774109,
    0.7632569366455079,
    0.7578356576919556,
    0.7493006281852722,
    0.7534453201293946,
    0.754243644809723,
    0.7556079190254211,
    0.7530212715148926,
    0.7475562294960022,
    0.7474938926696777,
    0.7543807689666748,
    0.7449465059280396,
    0.750863044834137,
    0.7504149410247802,
    0.7538471015930176,
    0.7565893355369568,
    0.747209308719635,
    0.7498025623321534,
    0.7512594655036926,
    0.7484843218803405,
    0.7508493149757385,
    0.7490039023399353,
    0.7484100135803222,
    0.7477083271026611,
    0.7536477589607239,
    0.7552483830451965,
    0.7487281505584716,
    0.7541880696296692,
    0.7490937740325928,
    0.7520164578437806,
    0.7568905532836914,
    0.750244873714447,
    0.7487544018745422,
    0.751485980796814,
    0.7539063364982604,
    0.7508277356147766,
    0.7492101738929748,
    0.7499292893409729,
    0.7503328451156617
  ],
  "train_acc": [
    0.592051994111349,
    0.6901933886509636,
    0.7430072269807281,
    0.7757963062098501,
    0.7849136777301927,
    0.7920988356531049,
    0.7956035867237687,
    0.7994429202355461,
    0.80016227248394,
    0.8020108404710921,
    0.8044700214132763,
    0.8050137178800857,
    0.8060007360813705,
    0.808024959850107,
    0.8064775160599572,
    0.8087359475374732,
    0.8090788945396146,
    0.8091207173447538,
    0.8087777703426124,
    0.8084682815845824,
    0.8112871386509636,
    0.8121988758029979,
    0.8127258431477516,
    0.8120064908993576,
    0.812859676124197,
    0.812039949143469,
    0.8123243442184154,
    0.812449812633833,
    0.8132444459314775,
    0.814198005888651,
    0.8126087392933619,
    0.8140892665952891,
    0.8127091140256959,
    0.8150511911134903,
    0.8135622992505354,
    0.8137630487152034,
    0.8139303399357601,
    0.8147417023554604,
    0.8135455701284796,
    0.8150846493576017
  ],
  "val_acc": [
    0.609,
    0.6602,
    0.72,
    0.7308,
    0.7396,
    0.735,
    0.7446,
    0.742,
    0.7466,
    0.7476,
    0.741,
    0.7508,
    0.7486,
    0.7488,
    0.7524,
    0.7548,
    0.7468,
    0.754,
    0.7552,
    0.7516,
    0.7546,
    0.7504,
    0.743,
    0.7546,
    0.753,
    0.7452,
    0.7456,
    0.7526,
    0.7554,
    0.7584,
    0.7524,
    0.7564,
    0.7562,
    0.755,
    0.752,
    0.758,
    0.7546,
    0.7512,
    0.755,
    0.7554
  ],