{
  "train_loss": [
    0.7614847117879406,
    0.6673946409970841,
    0.6481132569864424,
    0.6407776058868881,
    0.6379317646363563,
    0.6362611074519107,
    0.6353381216143132,
    0.6344490760909414,
    0.6342628704148646,
    0.633371015942837,
    0.6329659312899669,
    0.6325054601377287,
    0.6323846412675028,
    0.6325438286813985,
    0.6321523594141517,
    0.631911898833526,
    0.6318763881219787,
    0.6317683495341838,
    0.631671054715518,
    0.6317547651633971,
    0.6312932836677584
  ],
  "val_loss": [
    0.7997322536468506,
    0.7799820413589478,
    0.7673289860725403,
    0.7612135245323182,
    0.7506693247795105,
    0.7550484722137452,
    0.7537760144233704,
    0.7563992673873902,
    0.7542375787734985,
    0.7493576752662658,
    0.7477615724563599,
    0.7567061309814453,
    0.7450708620071411,
    0.7509604962348938,
    0.7497700174331665,
    0.7558656629562378,
    0.7588997819900513,
    0.747647407913208,
    0.7501176368713379,
    0.752153014755249,
    0.7484676052093506
  ],
  "train_loss_primary": [
    0.7730104633521216,
    0.6685296357060908,
    0.6486741389911741,
    0.640989028029064,
    0.6382082830915103,
    0.6366803953683351,
    0.6357224604047085,
    0.6347503220498945,
    0.6343300983277838,
    0.633730609105537,
    0.633157170686783,
    0.6325129585807278,
    0.6324779965637582,
    0.6325654732083356,
    0.63224096191006,
    0.6322134544303126,
    0.6320590440670479,
    0.6319144472830811,
    0.6318202743693644,
    0.63192775673223,
    0.6313907541095317
  ],
  "val_loss_primary": [
    0.8216223200798035,
    0.7844614773750305,
    0.7689003351211547,
    0.7625024171829223,
    0.7510356313705444,
    0.7558934763908386,
    0.7535063345909119,
    0.7567959769248962,
    0.7546058937072754,
    0.7499407303810119,
    0.7476944236755371,
    0.7576247174263,
    0.7450477739334106,
    0.7508584213256836,
    0.7491880872726441,
    0.7565079171180725,
    0.7597441651344299,
    0.7477738751411438,
    0.7500834188461304,
    0.7524534229278564,
    0.7482850607872009
  ],
  "train_loss_aux": [
    0.7345912981084378,
    0.6647463149891676,
    0.6468045249485612,
    0.6402842845344952,
    0.6372865452500942,
    0.6352827661297816,
    0.6344413202120354,
    0.6337461619611982,
    0.6341060038807561,
    0.6325319639109953,
    0.6325196922463574,
    0.6324879617711461,
    0.6321668099029671,
    0.6324933221049176,
    0.631945612343782,
    0.6312082660019526,
    0.6314501864496594,
    0.6314274532126155,
    0.6313228678652255,
    0.6313511126812316,
    0.6310658475316311
  ],
  "val_loss_aux": [
    0.7486554636955262,
    0.7695299886703492,
    0.7636624758720398,
    0.7582061810493469,
    0.7498145952224732,
    0.753076824760437,
    0.7544052256584167,
    0.7554736077308655,
    0.7533781357765198,
    0.7479972423553467,
    0.7479182020187378,
    0.7545627707481384,
    0.7451247174263,
    0.7511986312866211,
    0.7511278651237487,
    0.7543670530319214,
    0.7569295767784119,
    0.74735235080719,
    0.750197515296936,
    0.7514520673751831,
    0.7488935031890869
  ],
  "train_acc": [
    0.5779744379014989,
    0.6697754951820128,
    0.6926776632762313,
    0.6990514587794433,
    0.7016695663811563,
    0.7013600776231264,
    0.7048480995717344,
    0.7038610813704497,
    0.7031835519271948,
    0.7051492237687366,
    0.7041454764453962,
    0.704613891862955,
    0.7050070262312634,
    0.7050237553533191,
    0.7055005353319058,
    0.7054838062098501,
    0.7056845556745182,
    0.7056343683083511,
    0.7058183886509636,
    0.705283056745182,
    0.7061111482869379
  ],
  "val_acc": [
    0.5878,
    0.6032,
    0.6034,
    0.5994,
    0.602,
    0.6006,
    0.6028,
    0.5984,
    0.5996,
    0.6014,
    0.6056,
    0.6012,
    0.6028,
    0.602,
    0.6004,
    0.5994,
    0.6012,
    0.601,
    0.6032,
    0.6026,
    0.6014
  ],
  "train_f1": [
    0.57358028955391,
    0.6693672344959877,
    0.6920542678863122,
    0.6985633089568494,
    0.7013335491920021,
    0.7010791525704355,
    0.7045690890727796,
    0.703671236894845,
    0.7029759042954566,
    0.7049191855763136,
    0.7039798359909295,
    0.7044489814218173,
    0.7048264475823321,
    0.7048468344294418,
    0.7053489093132168,
    0.7053087277664074,
    0.7054973745832166,
    0.7054248996900921,
    0.7056002870830931,
    0.7051010563110957,
    0.7059060691248993
  ],
  "val_f1": [
    0.5788472872472792,
    0.5981957042908325,
    0.5995064174098014,
    0.5977420374914061,
    0.5998794249716417,
    0.5992611957732872,
    0.6019577425833063,
    0.5969295344504005,
    0.5977618682751691,
    0.6006055405169748,
    0.6045795622013994,
    0.5996007091364612,
    0.601586016656192,
    0.6008186787651906,
    0.6000106343519036,
    0.5969604661881623,
    0.5997974340793719,
    0.599568039291227,
    0.6020906925162244,
    0.6015308115347424,
    0.5997087695513545
  ],
  "gate_stylo": [
    0.49698564410209656,
    0.492031067609787,
    0.4868905544281006,
    0.4825851023197174,
    0.48148295283317566,
    0.48438212275505066,
    0.48687630891799927,
    0.4892013669013977,
    0.4916655123233795,
    0.49465838074684143,
    0.49754172563552856,
    0.49916455149650574,
    0.5004668235778809,
    0.5029535293579102,
    0.5045427083969116,
    0.5060633420944214,
    0.5079315900802612,
    0.5071179270744324,
    0.5086478590965271,
    0.50907963514328,
    0.5087864995002747
  ],
  "gate_perp": [
    0.12000000476837158,
    0.12000000476837158,
    0.12000000476837158,
    0.12000000476837158,
    0.12000000476837158,
    0.12000000476837158,
    0.12000000476837158,
    0.12000000476837158,
    0.12000000476837158,
    0.12000000476837158,
    0.12000000476837158,
    0.12000000476837158,
    0.12000000476837158,
    0.12000000476837158,
    0.12000000476837158,
    0.12000000476837158,
    0.12000000476837158,
    0.12000000476837158,
    0.12000000476837158,
    0.12000000476837158,
    0.12000000476837158
  ],
  "gate_sem": [
    0.5,
    0.5,
    0.5,
    0.5,
    0.5,
    0.5,
    0.5,
    0.5,
    0.5,
    0.5,
    0.5,
    0.5,
    0.5,
    0.5,
    0.5,
    0.5,
    0.5,
    0.5,
    0.5,
    0.5,
    0.5
  ],
  "lr": [
    6.587390436103396e-05,
    0.0001859588249330918,
    0.0003343483937034656,
    0.00045431586995592875,
    0.0004999999972064964,
    0.0004993884052007874,
    0.0004975618228252746,
    0.0004945291490056838,
    0.0004903051586240209,
    0.00048491043053683136,
    0.0004783712473170798,
    0.0004707194672080963,
    0.00046199236891341787,
    0.00045223246997869106,
    0.00044148731965046437,
    0.00042980926722103807,
    0.0004172552069879748,
    0.0004038863010708002,
    0.00038976768143530495,
    0.00037496813257715465,
    0.0003595597564107407
  ]
}