{
  "train_loss": [
    0.742660946840903,
    0.6524719846069941,
    0.5968119835189885,
    0.5698393449283004,
    0.5590446403756641,
    0.5523952020439907,
    0.5478742782513131,
    0.5440075777199845,
    0.5413369431740722,
    0.5384872858223109,
    0.5371119173869842,
    0.5363355355548655,
    0.535752841823872,
    0.5336240648712796
  ],
  "val_loss": [
    0.7419134453773498,
    0.7041871450424194,
    0.6685401794433594,
    0.6543593755722046,
    0.6546820816040039,
    0.6510226900100708,
    0.6461169278144836,
    0.6467207118034363,
    0.64580885887146,
    0.6455400171279907,
    0.6431541359901428,
    0.642674900150299,
    0.6425293999671936,
    0.644062564277649
  ],
  "train_loss_primary": [
    0.7327615173266327,
    0.6434664301239194,
    0.5749897730299441,
    0.5401029662733671,
    0.5260706683680638,
    0.5176456588493935,
    0.5119829103829263,
    0.5069235158043194,
    0.5033825358946267,
    0.49979980356943426,
    0.497990017018941,
    0.4964832443369022,
    0.4960821564498754,
    0.49336919603306933
  ],
  "val_loss_primary": [
    0.7377790690422058,
    0.6807684226036071,
    0.6290005021095276,
    0.6109802109718323,
    0.6134487819671631,
    0.60695772190094,
    0.6013501908302307,
    0.6026655643463135,
    0.6011739974975586,
    0.6002695631980896,
    0.5978128619194031,
    0.5979139177322388,
    0.5976689039230346,
    0.5993927192687988
  ],
  "train_loss_aux": [
    0.7657596170264087,
    0.6734849397069126,
    0.6477304626838554,
    0.6392242206495885,
    0.6359839007992305,
    0.6334774624356876,
    0.6316207952366651,
    0.6305370509496848,
    0.6298972204870024,
    0.6287580692793624,
    0.6283963400495639,
    0.6293242054271494,
    0.6283177646630836,
    0.6275520872252911
  ],
  "val_loss_aux": [
    0.7515602699279785,
    0.7588308303833008,
    0.7607994477272033,
    0.7555774039268494,
    0.7508931131362915,
    0.7538409066200257,
    0.750572625541687,
    0.7495160624504089,
    0.7499568734169006,
    0.7511710680961609,
    0.7489503840446472,
    0.7471172123908997,
    0.7472039039611816,
    0.7482921964645386
  ],
  "train_acc": [
    0.5809605861884368,
    0.6881273420770878,
    0.7459766461456103,
    0.7713630888650964,
    0.7791003078158458,
    0.7837259100642399,
    0.787464868843683,
    0.7903506423982869,
    0.7919650026766595,
    0.7945998394004282,
    0.7969084582441114,
    0.7969000936830836,
    0.7961891059957173,
    0.7985060894004282
  ],
  "val_acc": [
    0.6064,
    0.6622,
    0.7122,
    0.7234,
    0.7238,
    0.7248,
    0.7292,
    0.7306,
    0.7284,
    0.728,
    0.7302,
    0.7282,
    0.7288,
    0.7308
  ],
  "train_f1": [
    0.5796232786700128,
    0.6870967870896572,
    0.7447955750172524,
    0.7701860133749203,
    0.7780696882953095,
    0.7826920815150542,
    0.7865310891613861,
    0.7895200711934491,
    0.7911330963539918,
    0.7937895795987053,
    0.7961467282238881,
    0.7961140757155125,
    0.7954426290322409,
    0.7977699435374958
  ],
  "val_f1": [
    0.597241002634142,
    0.6563748527589641,
    0.7085571863256085,
    0.720457321311691,
    0.7206493605742753,
    0.7216965379049316,
    0.7265956154498274,
    0.7280835656735116,
    0.7258948543964769,
    0.7256984564406729,
    0.7275295167940989,
    0.7253537752579038,
    0.7261484156029807,
    0.7280808080808081
  ],
  "gate_stylo": [
    0.4983740448951721,
    0.480267733335495,
    0.4605362117290497,
    0.44987377524375916,
    0.44222861528396606,
    0.43601736426353455,
    0.42998331785202026,
    0.42518356442451477,
    0.4210321605205536,
    0.41704195737838745,
    0.4136493504047394,
    0.4107254147529602,
    0.4083976149559021,
    0.40634840726852417
  ],
  "gate_perp": [
    0.14827091991901398,
    0.15759235620498657,
    0.16814826428890228,
    0.17401058971881866,
    0.1782621145248413,
    0.18180787563323975,
    0.18529309332370758,
    0.18815958499908447,
    0.19068260490894318,
    0.19312062859535217,
    0.19520895183086395,
    0.1970348060131073,
    0.19851279258728027,
    0.19980376958847046
  ],
  "gate_sem": [
    0.5,
    0.5,
    0.5,
    0.5,
    0.5,
    0.5,
    0.5,
    0.5,
    0.5,
    0.5,
    0.5,
    0.5,
    0.5,
    0.5
  ],
  "lr": [
    5.867320451766672e-05,
    0.0001432975202295384,
    0.00015746062141224203,
    0.000155926828292779,
    0.0001528923836469607,
    0.00014841634948818843,
    0.0001425858467299492,
    0.00013551435947633365,
    0.00012733952618303578,
    0.00011822046068137468,
    0.00010833465520855683,
    9.787452572317363e-05,
    8.70436667474371e-05,
    7.605288863139047e-05
  ]
}