{
  "train_loss": [
    0.730128800077663,
    0.5953095255367761,
    0.5133870507588478,
    0.46871277696315433,
    0.44493671243400085,
    0.43048842924565267,
    0.4188129328175326,
    0.4117711586538678,
    0.407282424368746,
    0.4006351502472634,
    0.3974654902355063,
    0.3931701282872888,
    0.3902215763001166,
    0.38815054137905863,
    0.3849209827835606,
    0.38357090522441417,
    0.38187166346472384
  ],
  "val_loss": [
    0.809268448638916,
    0.8357938634872436,
    0.795951411151886,
    0.7689501932144165,
    0.7678220218658447,
    0.7586513862609864,
    0.7273720686912537,
    0.7626808102607727,
    0.759827093219757,
    0.7801309113502503,
    0.8358614756584167,
    0.7823394914627075,
    0.7607775331974029,
    0.7735561470031739,
    0.8025552648067474,
    0.8005566024780273,
    0.7857537321090698
  ],
  "train_loss_primary": [
    0.7204706910080266,
    0.5870944523836867,
    0.5030760308149285,
    0.45607052555176125,
    0.4311643618077231,
    0.4163092265037194,
    0.4038844782484165,
    0.39701476999472757,
    0.392481043328565,
    0.38553559773739193,
    0.3824659150085817,
    0.3780911640130478,
    0.3750065900146068,
    0.37270288676725466,
    0.36942101163067703,
    0.36821490392184614,
    0.36687059831312946
  ],
  "val_loss_primary": [
    0.8107999891281128,
    0.8293492153167724,
    0.7784224097728729,
    0.7335226390838623,
    0.7424946388244629,
    0.7285817924499511,
    0.6881874373435974,
    0.7243980454444885,
    0.7356916993141175,
    0.7538849624633789,
    0.8145795110225678,
    0.7433674946784973,
    0.727857654762268,
    0.7375956413269042,
    0.7610819620609284,
    0.756115825843811,
    0.7408548129081726
  ],
  "train_loss_aux": [
    0.7526643833971126,
    0.6144780204561588,
    0.5374460952312584,
    0.4982113635259216,
    0.4770721920807816,
    0.4635732290703939,
    0.453645993287354,
    0.44620273014973266,
    0.44181897623635974,
    0.4358674347145399,
    0.4324644948864392,
    0.42835437141087634,
    0.4257232049675519,
    0.42419506491379255,
    0.4210875798854379,
    0.4194015714417688,
    0.41687415128601696
  ],
  "val_loss_aux": [
    0.8056948424339294,
    0.8508313937187195,
    0.8368524007797241,
    0.8516144783973694,
    0.8269192494392396,
    0.8288138070106507,
    0.8188028909683227,
    0.8520072477340698,
    0.8161429787635803,
    0.8413714498996735,
    0.885519387626648,
    0.8732741280078888,
    0.8375904965877533,
    0.857464039182663,
    0.8993262824058532,
    0.9042517587184906,
    0.8905179015636444
  ],
  "train_acc": [
    0.603820931477516,
    0.7434589132762313,
    0.8092294566381156,
    0.8411151632762313,
    0.8561211857601713,
    0.8641595289079229,
    0.8716709047109208,
    0.8768402034261242,
    0.8787556879014989,
    0.8828794164882227,
    0.8847028907922913,
    0.8874213731263383,
    0.8896296172376874,
    0.8910264989293362,
    0.8923146413276232,
    0.8934187633832976,
    0.894890926124197
  ],
  "val_acc": [
    0.4982,
    0.575,
    0.6212,
    0.6574,
    0.6602,
    0.6754,
    0.6904,
    0.6772,
    0.669,
    0.6742,
    0.6508,
    0.6736,
    0.6762,
    0.6778,
    0.672,
    0.6774,
    0.6756
  ],
  "train_f1": [
    0.601549754036222,
    0.7426917278428983,
    0.8083244156679061,
    0.8402954568996983,
    0.8553865430953371,
    0.8635032056091894,
    0.871052075054552,
    0.8762764544908617,
    0.8782069069221055,
    0.8823481053893035,
    0.8841785429851698,
    0.8868924978778416,
    0.8891370330585704,
    0.8905507564477398,
    0.8918428435963905,
    0.8929567790258355,
    0.8944306500505402
  ],
  "val_f1": [
    0.4673667337344436,
    0.5393477050779578,
    0.5899651881743708,
    0.6384394006072445,
    0.640337646529597,
    0.658921817188903,
    0.678855444122175,
    0.6598252336330412,
    0.6474197023404217,
    0.6543924135888746,
    0.6226340712415002,
    0.6542794191690877,
    0.6569301071908,
    0.6606831049378885,
    0.6503565680774523,
    0.6598736281868397,
    0.6568760847962005
  ],
  "gate_stylo": [
    0.5025714635848999,
    0.5026699304580688,
    0.49637871980667114,
    0.49435651302337646,
    0.4910443127155304,
    0.4872403144836426,
    0.4835761487483978,
    0.47775202989578247,
    0.4747002124786377,
    0.47150248289108276,
    0.46797776222229004,
    0.4638901948928833,
    0.46173951029777527,
    0.4592989683151245,
    0.45553168654441833,
    0.4543479382991791,
    0.45229583978652954
  ],
  "gate_perp": [
    0.12152434885501862,
    0.12914353609085083,
    0.14349856972694397,
    0.15411032736301422,
    0.16243323683738708,
    0.1703292280435562,
    0.17637403309345245,
    0.18223384022712708,
    0.186388298869133,
    0.19242197275161743,
    0.19633515179157257,
    0.19909638166427612,
    0.2031320184469223,
    0.20648516714572906,
    0.20877940952777863,
    0.2107415497303009,
    0.21294160187244415
  ],
  "gate_sem": [
    0.49672216176986694,
    0.4899514615535736,
    0.47917893528938293,
    0.4679674208164215,
    0.4608413279056549,
    0.4548032581806183,
    0.4512377083301544,
    0.4503132402896881,
    0.4486876130104065,
    0.4452155828475952,
    0.44452357292175293,
    0.44553908705711365,
    0.44363194704055786,
    0.4424862265586853,
    0.44376835227012634,
    0.44301819801330566,
    0.4426861107349396
  ],
  "lr": [
    6.587390436103396e-05,
    0.0001859588249330918,
    0.0003343483937034656,
    0.00045431586995592875,
    0.0004999999972064964,
    0.0004993884052007874,
    0.0004975618228252746,
    0.0004945291490056838,
    0.0004903051586240209,
    0.00048491043053683136,
    0.0004783712473170798,
    0.0004707194672080963,
    0.00046199236891341787,
    0.00045223246997869106,
    0.00044148731965046437,
    0.00042980926722103807,
    0.0004172552069879748
  ]
}