{
  "train_loss": [
    0.6954032162228367,
    0.5175440838408573,
    0.4431700119388973,
    0.41493507554602727,
    0.3968217938243064,
    0.3876872727799313,
    0.37780329188563794,
    0.3721532632352968,
    0.3678005676668601,
    0.3632698716523821,
    0.3602678376717629,
    0.3562642788682373,
    0.3540748288703067,
    0.3522180423716107,
    0.3498130191293397,
    0.3490232749814128,
    0.34766578469665266,
    0.34511668590005373,
    0.34441785226564037,
    0.3425997333209402,
    0.3422659961706579
  ],
  "val_loss": [
    0.8514988225936889,
    0.8204277988433838,
    0.7923818012237549,
    0.7722387496948242,
    0.7307550441741943,
    0.7830790153503417,
    0.7502358695983887,
    0.8145044616699219,
    0.786336943435669,
    0.7645422117233276,
    0.7699075138092041,
    0.7870907339096069,
    0.7927851303100586,
    0.7535309377670288,
    0.7620089252471924,
    0.8098595466613769,
    0.7765919342041016,
    0.7751885864257813,
    0.7863490648269653,
    0.7902816833496094,
    0.7970042381286621
  ],
  "train_loss_primary": [
    0.6853524211138615,
    0.5082442971514018,
    0.4307252709701849,
    0.40053399757765906,
    0.38217742542852146,
    0.37306385963771477,
    0.36296753195222353,
    0.3571743528986182,
    0.35239850745692275,
    0.3475960747622625,
    0.3449462012671606,
    0.3407316475211295,
    0.3379119951837564,
    0.33652509486726423,
    0.33370072800714057,
    0.33347646284512694,
    0.3323212497479926,
    0.3290062434171914,
    0.32881101965904236,
    0.32626984111740864,
    0.32603611992152465
  ],
  "val_loss_primary": [
    0.8488051058769226,
    0.7981595187187195,
    0.7648165725708008,
    0.7360385864257812,
    0.691873770904541,
    0.7436178382873535,
    0.7151696636199951,
    0.7666246263504028,
    0.7511791296005249,
    0.7242374500274659,
    0.7246071323394775,
    0.7277099477767944,
    0.7477436519622803,
    0.6996164985656739,
    0.7103458652496338,
    0.764887220954895,
    0.7188934875488281,
    0.7227931238174439,
    0.7298396154403687,
    0.7376191415786744,
    0.7472574848175049
  ],
  "train_loss_aux": [
    0.7188550650817642,
    0.5392435801898973,
    0.4722077366875988,
    0.44853759144508787,
    0.43099198423230084,
    0.42180856678618894,
    0.4124200656178683,
    0.40710404911778003,
    0.4037387002691179,
    0.3998420626052971,
    0.39601832065459486,
    0.3925070802285436,
    0.3917881050846607,
    0.3888349158313653,
    0.38740836205400625,
    0.3852991647218942,
    0.3834696972318985,
    0.3827077131158804,
    0.3808337887469279,
    0.38070281240049864,
    0.38013570554266674
  ],
  "val_loss_aux": [
    0.8577842365264893,
    0.872387110042572,
    0.8567006580352783,
    0.8567057863235473,
    0.8214779789924621,
    0.8751551516532898,
    0.8320570213317872,
    0.9262240816116333,
    0.868371798324585,
    0.8585866975784302,
    0.8756084064483642,
    0.9256458232879639,
    0.8978818923950195,
    0.8793313018798828,
    0.8825560737609863,
    0.9147950477600097,
    0.9112216083526611,
    0.8974446872711181,
    0.9182044174194336,
    0.9131609270095825,
    0.9130799703598023
  ],
  "train_acc": [
    0.6358972639484979,
    0.7941590665236051,
    0.8422076180257511,
    0.8590983771459227,
    0.8693250402360515,
    0.8726277494635193,
    0.8782691791845494,
    0.8815215933476395,
    0.8843716469957081,
    0.887238465665236,
    0.8891664431330472,
    0.8907172076180258,
    0.8928631303648069,
    0.8925194474248928,
    0.8946569876609443,
    0.8943300697424893,
    0.8955455337982833,
    0.8970376207081545,
    0.8972639484978541,
    0.8988230954935622,
    0.8987057403433476
  ],
  "val_acc": [
    0.5358,
    0.616,
    0.645,
    0.6614,
    0.6884,
    0.6782,
    0.685,
    0.6688,
    0.6804,
    0.689,
    0.6912,
    0.6918,
    0.6762,
    0.6926,
    0.6932,
    0.6852,
    0.6866,
    0.688,
    0.6866,
    0.6908,
    0.6902
  ],
  "train_f1": [
    0.6340411291091707,
    0.7932071251405964,
    0.8413875353578184,
    0.8584048466762344,
    0.868687099791825,
    0.8720320991441991,
    0.8777045390126348,
    0.880981532809366,
    0.8838600110945476,
    0.8867412855772305,
    0.8886742799075473,
    0.8902359778586486,
    0.8923906300817386,
    0.8920273111207859,
    0.8941814727488695,
    0.8938740503289999,
    0.8950707071723137,
    0.8965943123304687,
    0.8968042698717775,
    0.8983860170435776,
    0.8982643269079855
  ],
  "val_f1": [
    0.5063626053148051,
    0.5815834659917143,
    0.6206407508090184,
    0.641393166999919,
    0.6761617106244233,
    0.6609758224138682,
    0.6703224246686741,
    0.6471694553063413,
    0.6622854794252817,
    0.6728475546606516,
    0.6771797351167732,
    0.6766875890289294,
    0.6574768487988566,
    0.6788940551360426,
    0.678009843914957,
    0.666832107597227,
    0.6708118049785775,
    0.6720096022132456,
    0.6708723177406626,
    0.6753723978346962,
    0.6737418557099872
  ],
  "gate_stylo": [
    0.5042253732681274,
    0.5003865361213684,
    0.49526241421699524,
    0.4888390302658081,
    0.4845961928367615,
    0.4793301820755005,
    0.4733878970146179,
    0.46883565187454224,
    0.4653174579143524,
    0.46146777272224426,
    0.4591885507106781,
    0.4565207064151764,
    0.45516327023506165,
    0.45259907841682434,
    0.4501129686832428,
    0.4480430483818054,
    0.4467453956604004,
    0.4450506269931793,
    0.443998247385025,
    0.44182679057121277,
    0.4410533607006073
  ],
  "gate_perp": [
    0.1233886331319809,
    0.13950935006141663,
    0.15348964929580688,
    0.16372989118099213,
    0.17355753481388092,
    0.18027061223983765,
    0.1856342852115631,
    0.19179098308086395,
    0.19696864485740662,
    0.2007448822259903,
    0.2024584412574768,
    0.20487482845783234,
    0.20642812550067902,
    0.20745818316936493,
    0.2085709124803543,
    0.2099917232990265,
    0.2103254199028015,
    0.21134021878242493,
    0.2117481529712677,
    0.2131633758544922,
    0.213955819606781
  ],
  "gate_sem": [
    0.49395740032196045,
    0.4794034957885742,
    0.46693840622901917,
    0.46053260564804077,
    0.4531908929347992,
    0.4505969285964966,
    0.45033103227615356,
    0.4482457935810089,
    0.4463958442211151,
    0.44616690278053284,
    0.4464471638202667,
    0.4463941156864166,
    0.44617778062820435,
    0.44719505310058594,
    0.4482525885105133,
    0.4485102891921997,
    0.4489273428916931,
    0.4494418799877167,
    0.44946447014808655,
    0.4497816562652588,
    0.4494096040725708
  ],
  "lr": [
    0.0002806239258097456,
    0.0007612462296052577,
    0.0009999999376554293,
    0.000996590143412572,
    0.0009864648464190176,
    0.0009697609739468201,
    0.000946704417215942,
    0.0009176069766030167,
    0.0008828621450761437,
    0.0008429397868775254,
    0.0007983797834156359,
    0.0007497847322953292,
    0.0006978117982189805,
    0.0006431638259612414,
    0.0005865798355991819,
    0.0005288250285335254,
    0.0004706804394523941,
    0.00041293237417700435,
    0.00035636177622433066,
    0.00030173366588573364,
    0.0002497867946398998
  ]
}