{
  "train_loss": [
    0.7195849988994927,
    0.6580831002572487,
    0.6148194973838741,
    0.5821670237286337,
    0.5571729093790054,
    0.5409102594030315,
    0.5314518994298475,
    0.5271416943648766,
    0.5211313703450663,
    0.5200086590544931,
    0.5159933942145315,
    0.5148651931306412,
    0.5128037122816875,
    0.5106143602009477,
    0.5090756570470745,
    0.5074652042882196,
    0.5052950893496645,
    0.5045545843654665,
    0.5023779835680435,
    0.5022349290806671,
    0.4991818072980848,
    0.49972926748209984,
    0.49870527664135245,
    0.49813349339468727,
    0.4975428709696079,
    0.4965160347778222,
    0.49797802084478837,
    0.49535342331590326,
    0.4951766603465738,
    0.4952825225632766,
    0.49454221823092165,
    0.49384707520748006,
    0.494236816363088,
    0.49250548743996125,
    0.4927347317851823,
    0.49265261456884185,
    0.4922307120828793,
    0.49291264959450426,
    0.49232313704901726,
    0.4907296746969223
  ],
  "val_loss": [
    0.7349547443389892,
    0.7032495792388916,
    0.692448113822937,
    0.692940366077423,
    0.6727441840171814,
    0.6722930212974548,
    0.6699625213623047,
    0.6554317433357238,
    0.6631467274665832,
    0.6653090831756592,
    0.6554176358222962,
    0.6600306805610656,
    0.6564365430831909,
    0.6535663208961486,
    0.6447741432189942,
    0.6453127537727356,
    0.6411352731704711,
    0.6525803269386291,
    0.6447732807159424,
    0.6429998782157897,
    0.6395860371589661,
    0.6391201969146728,
    0.6392293805122375,
    0.6427122420310974,
    0.6344847792625428,
    0.636554975605011,
    0.6535610216140747,
    0.6523136919021606,
    0.6476928899765014,
    0.6427426692962647,
    0.6399903747558594,
    0.6313341970443725,
    0.6414593941688538,
    0.6325852763175964,
    0.6304589350700378,
    0.635821983909607,
    0.6345160947799683,
    0.6383705541610718,
    0.6411075584411621,
    0.639871767616272
  ],
  "train_loss_primary": [
    0.7042126753206911,
    0.6400744945838533,
    0.59010292024448,
    0.5505850109560736,
    0.5196166429026373,
    0.4996470071632287,
    0.4875049426637847,
    0.482248496135761,
    0.4745204312534168,
    0.4729003423246844,
    0.4675668167143032,
    0.46586925202402574,
    0.4631933790856394,
    0.4603282069337779,
    0.4583549139828518,
    0.4562376308543929,
    0.4532415260528696,
    0.4520707230629592,
    0.44903768984408216,
    0.448845484390341,
    0.44478896131803247,
    0.4455339042791005,
    0.4441703599074791,
    0.4434677727263549,
    0.4425219425867344,
    0.44121629642001514,
    0.4432548179194845,
    0.43960082556667,
    0.4395002440131944,
    0.43970782284078924,
    0.4384493789282338,
    0.43757808773682033,
    0.43825971103947736,
    0.43595345575233985,
    0.4362047538161278,
    0.4360617995262146,
    0.43544115023366337,
    0.4364924253574733,
    0.43558303189688713,
    0.4334118831260451
  ],
  "val_loss_primary": [
    0.715846304321289,
    0.6785184377670288,
    0.6644028367996215,
    0.6637672165870666,
    0.6385437831878662,
    0.6357185147285461,
    0.632868514919281,
    0.6147646633148194,
    0.623005466747284,
    0.6229924553871155,
    0.6158967701911926,
    0.6194786776542663,
    0.616666923046112,
    0.6106915658950806,
    0.5964595294952393,
    0.6000445909500122,
    0.59655479221344,
    0.6107489116668701,
    0.5992383809089661,
    0.5976562582969666,
    0.5912820072174072,
    0.5934332112312317,
    0.5942711027145385,
    0.5978276529312134,
    0.5856959523200989,
    0.5890946725845337,
    0.6123629152297974,
    0.6081469759941102,
    0.6016046874046326,
    0.5930603080749511,
    0.5929509058952331,
    0.5820087841033935,
    0.5931317646980285,
    0.583065812587738,
    0.5794631678581238,
    0.587468264579773,
    0.5814347628593445,
    0.5892635859489441,
    0.5927356650352478,
    0.5936183359146118
  ],
  "train_loss_aux": [
    0.7554537515188086,
    0.7001031729681738,
    0.6724914959792433,
    0.655858381041165,
    0.6448041827514254,
    0.6371911671654932,
    0.6339947899867748,
    0.6318924750747352,
    0.6298902075866173,
    0.629928057563716,
    0.6289887392315371,
    0.6291890437233036,
    0.6285611468142477,
    0.6279487060061817,
    0.6274240489663749,
    0.6269962027155119,
    0.6267533995981874,
    0.6270169214955692,
    0.6268386681532038,
    0.6268102896624598,
    0.626098437555905,
    0.6261851201797354,
    0.625953406609338,
    0.6256868340845766,
    0.6259250219525962,
    0.6255487522174572,
    0.625665477637587,
    0.6254428095858673,
    0.6250882832140758,
    0.6249568092411962,
    0.6254254918673943,
    0.62514137450991,
    0.6248500501287395,
    0.6244602141709164,
    0.6246379988974539,
    0.624697844529974,
    0.6247396828799412,
    0.6245598294611635,
    0.6247167099138786,
    0.6244711819393881
  ],
  "val_loss_aux": [
    0.779541182899475,
    0.7609555226325989,
    0.7578870681762695,
    0.761011021900177,
    0.752545109462738,
    0.75763352394104,
    0.7565151370048523,
    0.7503215361595154,
    0.7568096385002137,
    0.7640478370666504,
    0.7476329719543457,
    0.7546520740509033,
    0.7492323114395142,
    0.7536074223518372,
    0.7575082354545594,
    0.750938475894928,
    0.7451563439369202,
    0.7501869824409485,
    0.7510213829040527,
    0.7488016759872437,
    0.7522954358100891,
    0.7457232132911682,
    0.7441319102287293,
    0.7474429491996765,
    0.7483252816200257,
    0.7472956871986389,
    0.7496900178909301,
    0.7553693534851075,
    0.7552320520401001,
    0.7586682094573974,
    0.7497491234779358,
    0.7464267910957336,
    0.7542237995147705,
    0.7481306852340698,
    0.7494490504264831,
    0.7486473517417908,
    0.7583724418640136,
    0.7529534474372864,
    0.7539752943992615,
    0.7477964207649231
  ],
  "train_acc": [
    0.6281148976293104,
    0.6880219558189655,
    0.7278926454741379,
    0.7597908809267241,
    0.7806606950431034,
    0.7947282462284483,
    0.8026165140086207,
    0.8065648572198276,
    0.8121127424568966,
    0.8116749730603449,
    0.8140574488146551,
    0.8165914601293104,
    0.8178374191810345,
    0.8194369612068966,
    0.8219036233836207,
    0.8223834859913793,
    0.8254478717672413,
    0.824462890625,
    0.8276788119612069,
    0.8267190867456896,
    0.8291352370689655,
    0.8295140759698276,
    0.8305748248922413,
    0.8303727774784483,
    0.8305495689655172,
    0.8311809671336207,
    0.8303138469827587,
    0.8330667429956896,
    0.832940463362069,
    0.8323090651939655,
    0.8336813038793104,
    0.8339927936422413,
    0.8337318157327587,
    0.8344894935344828,
    0.8348599137931034,
    0.8344221443965517,
    0.8351040544181034,
    0.8338412580818966,
    0.8352134967672413,
    0.8362995016163793
  ],
  "val_acc": [
    0.624,
    0.657,
    0.6794,
    0.6854,
    0.7102,
    0.7166,
    0.7178,
    0.7236,
    0.7202,
    0.7208,
    0.729,
    0.7282,
    0.7254,
    0.7324,
    0.7368,
    0.7362,
    0.7382,
    0.7342,
    0.741,
    0.7338,
    0.7436,
    0.7378,
    0.739,
    0.7382,
    0.7498,
    0.7456,
    0.7296,
    0.7332,
    0.7342,
    0.7418,
    0.7384,
    0.7474,
    0.746,
    0.7458,
    0.747,
    0.7414,
    0.746,
    0.7416,
    0.7424,
    0.7378
  ],